Model,Split,N,MAE,RMSE,R2
Linear Regression,Validation — unseen lots,120,0.6439556159621689,0.8115979731409111,0.5919181450551578
Linear Regression,Test — unseen lots,120,0.5809854103047779,0.756423215901645,0.6304304456648413
Linear Regression,Stress — outside envelope,80,1.851793761299571,2.4463242676689023,-0.5153917337975484
Random Forest,Validation — unseen lots,120,0.6286020411625398,0.7802847800493151,0.6228000307158597
Random Forest,Test — unseen lots,120,0.5944004631581395,0.7776370621476145,0.6094106578070475
Random Forest,Stress — outside envelope,80,4.208128330350208,4.620788527936603,-4.406659922859154
Tuned XGBoost,Validation — unseen lots,120,0.6207940851847324,0.7696478655932771,0.6330139840524573
Tuned XGBoost,Test — unseen lots,120,0.6022059020996089,0.7404558420103027,0.6458682913078833
Tuned XGBoost,Stress — outside envelope,80,3.3441701278686518,3.7003670479034847,-2.4672605360794866
