Batch_ID,Manufacture_Date,Product,API_Lot,API_PSD_D90_um,Bulk_Density_g_mL,Blend_Moisture_pct,Lubrication_Time_min,Press_Speed_rpm,Feeder_Speed_rpm,Compression_Force_kN,Tablet_Weight_mg,Tablet_Hardness_kp,Thickness_mm,Disintegration_min,Dissolution_30min_pct,Dataset_Split
B0001,2023-01-02,IR Tablet 100 mg,API-A,75.95,0.553,2.41,5.88,48.97,29.75,11.09,502.49,7.53,4.21,7.32,94.08,Train
B0002,2023-01-04,IR Tablet 100 mg,API-A,75.02,0.565,2.26,3.95,46.7,27.55,10.47,498.81,6.71,4.199,5.69,97.27,Train
B0003,2023-01-06,IR Tablet 100 mg,API-A,76.15,0.572,2.39,5.61,45.41,23.87,10.38,500.93,7.02,4.21,6.59,95.9,Train
B0004,2023-01-08,IR Tablet 100 mg,API-A,72.03,0.549,2.41,5.53,42.37,28.8,9.87,501.28,6.67,4.219,5.66,96.86,Train
B0005,2023-01-10,IR Tablet 100 mg,API-A,75.14,0.548,2.33,3.49,48.24,27.37,10.07,500.17,6.83,4.204,5.96,96.03,Train
B0006,2023-01-12,IR Tablet 100 mg,API-A,74.57,0.564,2.59,4.89,55.73,24.73,11.03,499.99,7.54,4.19,6.18,95.77,Train
B0007,2023-01-14,IR Tablet 100 mg,API-A,76.29,0.547,2.2,5.47,51.42,33.16,10.25,500.94,6.64,4.185,5.9,97.4,Train
B0008,2023-01-16,IR Tablet 100 mg,API-A,74.79,0.55,2.22,5.54,56.7,28.91,10.38,500.43,6.75,4.196,6.32,94.86,Train
B0009,2023-01-18,IR Tablet 100 mg,API-A,72.82,0.554,2.35,4.21,54.4,30.42,10.56,500.94,7.22,4.203,5.72,96.75,Train
B0010,2023-01-20,IR Tablet 100 mg,API-A,77.21,0.544,2.37,4.87,46.77,24.39,10.5,500.45,7.07,4.179,6.18,95.75,Train
B0011,2023-01-22,IR Tablet 100 mg,API-A,76.62,0.566,2.45,5.99,57.92,26.64,10.65,498.42,6.23,4.187,6.62,94.76,Train
B0012,2023-01-24,IR Tablet 100 mg,API-A,71.2,0.551,2.53,5.04,54.78,27.66,10.26,501.59,6.91,4.203,6.25,95.88,Train
B0013,2023-01-26,IR Tablet 100 mg,API-A,74.64,0.561,2.39,4.62,59.89,28.5,10.32,497.4,6.41,4.227,5.44,97.46,Train
B0014,2023-01-28,IR Tablet 100 mg,API-A,74.39,0.564,2.43,4.54,50.49,27.59,10.38,500.36,6.85,4.212,6.3,96.11,Train
B0015,2023-01-30,IR Tablet 100 mg,API-A,73.75,0.562,2.37,5.45,64.33,29.16,10.63,498.1,6.66,4.195,6.48,95.54,Train
B0016,2023-02-01,IR Tablet 100 mg,API-A,74.04,0.581,2.22,5.74,58.96,30.01,10.36,499.88,6.52,4.22,5.45,97.87,Train
B0017,2023-02-03,IR Tablet 100 mg,API-A,75.27,0.551,2.16,4.92,47.55,28.61,10.94,501.06,6.89,4.201,5.84,97.32,Train
B0018,2023-02-05,IR Tablet 100 mg,API-A,77.89,0.561,2.59,6.34,57.19,26.35,10.78,497.62,7.06,4.198,7.07,94.01,Train
B0019,2023-02-07,IR Tablet 100 mg,API-A,71.95,0.567,2.48,6.44,46.82,25.23,10.19,499.05,6.37,4.196,6.82,94.73,Train
B0020,2023-02-09,IR Tablet 100 mg,API-A,73.5,0.554,2.38,6.15,59.14,30.78,10.58,500.55,6.59,4.189,6.75,95.07,Train
B0021,2023-02-11,IR Tablet 100 mg,API-A,76.9,0.555,2.36,5.12,44.26,26.26,10.55,501.96,7.18,4.216,6.47,95.48,Train
B0022,2023-02-13,IR Tablet 100 mg,API-A,71.82,0.552,2.54,5.25,57.92,28.44,10.16,502.56,6.66,4.233,6.12,95.29,Train
B0023,2023-02-15,IR Tablet 100 mg,API-A,71.34,0.56,2.2,3.44,60.74,30.97,10.73,500.25,7.17,4.204,5.78,97.38,Train
B0024,2023-02-17,IR Tablet 100 mg,API-A,76.41,0.529,2.47,4.75,58.59,31.3,10.42,501.52,6.93,4.195,6.0,95.3,Train
B0025,2023-02-19,IR Tablet 100 mg,API-A,71.27,0.552,2.39,4.74,41.82,25.34,10.63,502.55,7.25,4.189,6.12,96.23,Train
B0026,2023-02-21,IR Tablet 100 mg,API-A,73.87,0.554,2.43,5.82,36.51,27.33,10.06,503.38,6.79,4.216,6.67,93.19,Train
B0027,2023-02-23,IR Tablet 100 mg,API-A,77.73,0.56,2.16,3.15,54.7,25.59,11.05,499.74,7.43,4.206,6.06,96.97,Train
B0028,2023-02-25,IR Tablet 100 mg,API-A,76.43,0.561,2.45,5.76,43.66,25.56,10.24,500.17,6.41,4.203,6.2,95.83,Train
B0029,2023-02-27,IR Tablet 100 mg,API-A,77.61,0.55,2.32,4.74,50.59,25.87,9.77,500.42,6.63,4.223,5.71,96.05,Train
B0030,2023-03-01,IR Tablet 100 mg,API-A,78.16,0.556,2.4,5.07,59.23,30.68,11.75,500.83,7.72,4.172,6.6,94.64,Train
B0031,2023-03-03,IR Tablet 100 mg,API-A,74.46,0.542,2.5,4.34,54.17,25.19,10.64,501.57,6.88,4.21,5.91,95.91,Train
B0032,2023-03-05,IR Tablet 100 mg,API-A,75.73,0.55,2.34,4.69,47.13,24.06,10.77,498.96,7.38,4.199,6.07,96.6,Train
B0033,2023-03-07,IR Tablet 100 mg,API-A,73.55,0.565,2.52,4.58,46.28,24.68,11.15,499.67,7.28,4.206,6.14,95.79,Train
B0034,2023-03-09,IR Tablet 100 mg,API-A,73.31,0.531,2.28,4.3,41.71,23.62,9.76,501.44,6.84,4.213,5.69,95.18,Train
B0035,2023-03-11,IR Tablet 100 mg,API-A,75.5,0.563,2.47,5.12,51.56,28.14,10.03,499.35,6.7,4.187,6.04,96.17,Train
B0036,2023-03-13,IR Tablet 100 mg,API-A,75.4,0.563,2.24,5.02,50.68,28.66,10.57,500.67,7.4,4.202,6.33,95.85,Train
B0037,2023-03-15,IR Tablet 100 mg,API-A,74.97,0.551,2.54,5.59,50.53,25.95,9.96,499.67,6.77,4.216,6.21,94.95,Train
B0038,2023-03-17,IR Tablet 100 mg,API-A,71.89,0.567,2.34,6.12,51.22,26.64,10.31,499.31,6.98,4.204,6.45,96.22,Train
B0039,2023-03-19,IR Tablet 100 mg,API-A,74.48,0.564,2.39,6.47,53.1,28.72,10.23,499.97,6.46,4.229,6.28,96.54,Train
B0040,2023-03-21,IR Tablet 100 mg,API-A,74.7,0.554,2.16,5.78,66.38,29.6,11.4,500.36,7.06,4.212,6.17,95.51,Train
B0041,2023-03-23,IR Tablet 100 mg,API-B,77.04,0.525,2.03,4.37,56.05,27.56,10.7,498.8,6.7,4.231,5.66,96.45,Train
B0042,2023-03-25,IR Tablet 100 mg,API-B,72.62,0.541,2.01,6.16,74.7,34.87,11.1,499.65,7.13,4.198,6.51,92.4,Train
B0043,2023-03-27,IR Tablet 100 mg,API-B,76.95,0.563,1.87,5.48,41.5,28.97,10.46,503.68,7.07,4.195,6.03,97.17,Train
B0044,2023-03-29,IR Tablet 100 mg,API-B,76.69,0.528,1.86,4.67,61.44,28.2,10.33,499.27,6.52,4.228,5.72,95.72,Train
B0045,2023-03-31,IR Tablet 100 mg,API-B,76.51,0.535,1.89,5.25,49.57,26.93,10.46,498.74,6.74,4.205,5.68,96.27,Train
B0046,2023-04-02,IR Tablet 100 mg,API-B,75.71,0.537,1.91,4.01,57.79,29.66,11.28,499.44,7.26,4.172,6.16,96.91,Train
B0047,2023-04-04,IR Tablet 100 mg,API-B,75.29,0.543,1.95,5.75,53.33,29.08,10.48,499.18,6.82,4.207,5.99,96.96,Train
B0048,2023-04-06,IR Tablet 100 mg,API-B,80.0,0.521,1.94,5.86,57.13,28.86,10.83,501.75,6.67,4.207,5.85,96.39,Train
B0049,2023-04-08,IR Tablet 100 mg,API-B,77.22,0.518,1.76,5.44,53.12,24.9,9.62,499.86,6.59,4.2,6.18,94.97,Train
B0050,2023-04-10,IR Tablet 100 mg,API-B,76.37,0.539,1.87,4.4,72.28,36.61,11.15,502.42,6.86,4.203,6.22,93.09,Train
B0051,2023-04-12,IR Tablet 100 mg,API-B,74.3,0.542,1.64,6.28,60.83,29.49,10.91,498.5,6.67,4.215,6.47,95.37,Train
B0052,2023-04-14,IR Tablet 100 mg,API-B,76.5,0.532,2.01,3.99,50.79,26.1,9.91,498.28,6.39,4.222,6.06,96.2,Train
B0053,2023-04-16,IR Tablet 100 mg,API-B,73.84,0.531,1.85,4.84,53.78,29.07,9.66,499.64,6.36,4.221,5.76,96.21,Train
B0054,2023-04-18,IR Tablet 100 mg,API-B,76.38,0.531,1.87,4.95,51.95,30.19,11.09,500.41,7.46,4.21,6.5,95.55,Train
B0055,2023-04-20,IR Tablet 100 mg,API-B,77.51,0.519,1.71,5.52,58.55,31.58,10.64,501.96,7.03,4.231,6.15,95.14,Train
B0056,2023-04-22,IR Tablet 100 mg,API-B,77.15,0.542,1.76,4.7,48.33,32.05,10.49,501.76,6.86,4.207,6.25,95.66,Train
B0057,2023-04-24,IR Tablet 100 mg,API-B,76.64,0.565,1.97,5.32,54.01,27.87,10.25,500.49,6.49,4.201,5.9,96.65,Train
B0058,2023-04-26,IR Tablet 100 mg,API-B,76.99,0.569,1.8,3.87,62.77,28.98,11.59,499.88,7.81,4.174,5.92,96.55,Train
B0059,2023-04-28,IR Tablet 100 mg,API-B,77.7,0.528,1.68,4.62,53.38,26.83,10.66,502.94,7.01,4.197,5.81,96.36,Train
B0060,2023-04-30,IR Tablet 100 mg,API-B,73.81,0.555,1.85,3.87,56.96,28.05,10.97,497.76,7.34,4.189,6.2,95.95,Train
B0061,2023-05-02,IR Tablet 100 mg,API-B,75.16,0.561,1.91,3.91,57.92,26.63,10.24,497.67,6.95,4.188,5.86,97.14,Train
B0062,2023-05-04,IR Tablet 100 mg,API-B,73.89,0.529,1.94,3.82,57.3,28.09,10.81,500.56,7.37,4.194,6.04,95.96,Train
B0063,2023-05-06,IR Tablet 100 mg,API-B,75.56,0.548,1.79,5.78,62.37,27.31,10.93,497.88,6.98,4.185,6.4,95.8,Train
B0064,2023-05-08,IR Tablet 100 mg,API-B,74.73,0.562,1.96,3.83,58.16,27.53,11.38,499.4,7.66,4.184,6.33,96.28,Train
B0065,2023-05-10,IR Tablet 100 mg,API-B,75.0,0.532,1.81,5.5,56.58,27.25,10.42,498.41,6.72,4.173,6.03,96.82,Train
B0066,2023-05-12,IR Tablet 100 mg,API-B,75.92,0.53,1.86,4.36,51.2,28.82,10.25,503.11,6.93,4.205,5.78,96.28,Train
B0067,2023-05-14,IR Tablet 100 mg,API-B,72.69,0.541,1.96,5.44,53.08,29.17,10.62,500.28,7.02,4.214,6.29,96.17,Train
B0068,2023-05-16,IR Tablet 100 mg,API-B,76.57,0.54,1.68,5.15,55.38,23.2,9.91,501.1,6.4,4.231,5.77,96.62,Train
B0069,2023-05-18,IR Tablet 100 mg,API-B,77.52,0.53,1.89,6.27,71.86,31.69,10.92,497.89,6.79,4.215,6.46,93.22,Train
B0070,2023-05-20,IR Tablet 100 mg,API-B,77.97,0.544,1.9,3.98,54.36,31.92,10.67,504.16,7.17,4.2,6.13,96.65,Train
B0071,2023-05-22,IR Tablet 100 mg,API-B,75.38,0.541,1.82,6.16,53.38,28.05,9.89,498.42,6.27,4.197,5.96,96.34,Train
B0072,2023-05-24,IR Tablet 100 mg,API-B,77.55,0.521,1.84,5.61,52.1,24.58,10.38,501.61,6.72,4.23,6.13,96.32,Train
B0073,2023-05-26,IR Tablet 100 mg,API-B,74.14,0.535,1.87,6.37,59.28,31.26,10.44,499.77,6.84,4.222,6.69,96.07,Train
B0074,2023-05-28,IR Tablet 100 mg,API-B,75.72,0.564,1.88,6.04,61.26,25.18,9.85,496.56,6.11,4.226,5.87,97.3,Train
B0075,2023-05-30,IR Tablet 100 mg,API-B,74.51,0.531,1.76,5.07,48.8,26.88,10.65,499.82,6.88,4.196,5.73,96.04,Train
B0076,2023-06-01,IR Tablet 100 mg,API-B,77.97,0.542,1.7,4.89,59.5,30.38,11.08,501.36,7.15,4.2,6.21,96.31,Train
B0077,2023-06-03,IR Tablet 100 mg,API-B,78.07,0.56,1.99,4.53,46.97,23.54,10.09,500.62,6.42,4.183,5.76,97.44,Train
B0078,2023-06-05,IR Tablet 100 mg,API-B,77.92,0.558,1.86,4.69,54.47,24.83,10.35,500.95,7.22,4.215,6.34,95.94,Train
B0079,2023-06-07,IR Tablet 100 mg,API-B,76.98,0.515,1.92,5.68,55.4,27.99,10.01,500.94,6.55,4.171,5.97,95.92,Train
B0080,2023-06-09,IR Tablet 100 mg,API-B,79.39,0.528,1.85,6.23,59.53,27.98,10.73,499.5,6.54,4.221,6.11,96.18,Train
B0081,2023-06-11,IR Tablet 100 mg,API-C,87.4,0.539,2.31,5.62,52.83,29.52,11.16,503.21,7.76,4.184,7.31,92.66,Train
B0082,2023-06-13,IR Tablet 100 mg,API-C,86.75,0.543,2.28,4.59,52.49,31.53,11.83,501.71,7.63,4.192,6.63,93.99,Train
B0083,2023-06-15,IR Tablet 100 mg,API-C,83.8,0.545,2.34,5.45,44.72,22.86,11.21,499.48,7.66,4.177,7.22,93.67,Train
B0084,2023-06-17,IR Tablet 100 mg,API-C,84.66,0.532,2.52,6.04,50.22,27.17,10.34,502.62,6.89,4.202,6.87,91.66,Train
B0085,2023-06-19,IR Tablet 100 mg,API-C,87.06,0.543,2.33,5.99,54.05,25.09,10.89,499.19,7.07,4.198,6.72,94.43,Train
B0086,2023-06-21,IR Tablet 100 mg,API-C,83.24,0.562,2.33,4.53,52.68,29.57,11.1,503.29,6.97,4.229,6.31,96.33,Train
B0087,2023-06-23,IR Tablet 100 mg,API-C,88.27,0.523,2.14,5.04,41.13,20.58,11.03,501.27,7.21,4.206,7.71,92.14,Train
B0088,2023-06-25,IR Tablet 100 mg,API-C,84.82,0.535,2.35,5.09,56.3,28.18,11.52,500.11,7.41,4.18,6.41,94.72,Train
B0089,2023-06-27,IR Tablet 100 mg,API-C,84.7,0.541,2.29,5.01,66.58,30.06,11.87,497.9,7.72,4.2,7.03,92.7,Train
B0090,2023-06-29,IR Tablet 100 mg,API-C,87.51,0.529,2.13,4.11,52.44,25.83,11.55,500.65,7.92,4.19,6.89,94.11,Train
B0091,2023-07-01,IR Tablet 100 mg,API-C,84.01,0.527,2.22,5.45,46.16,25.92,11.33,497.35,7.25,4.177,6.72,93.67,Train
B0092,2023-07-03,IR Tablet 100 mg,API-C,84.18,0.565,2.15,5.18,52.9,26.47,10.41,501.13,6.25,4.201,6.04,96.24,Train
B0093,2023-07-05,IR Tablet 100 mg,API-C,87.27,0.533,2.51,5.31,61.55,29.15,11.26,499.07,7.29,4.184,6.82,92.8,Train
B0094,2023-07-07,IR Tablet 100 mg,API-C,81.69,0.543,2.36,4.26,53.95,26.74,10.04,498.46,6.67,4.216,6.12,96.89,Train
B0095,2023-07-09,IR Tablet 100 mg,API-C,85.8,0.527,2.13,6.36,48.24,25.34,10.64,498.95,6.67,4.21,6.83,94.24,Train
B0096,2023-07-11,IR Tablet 100 mg,API-C,86.89,0.531,2.18,5.25,38.24,26.5,11.03,502.15,7.12,4.194,6.71,93.99,Train
B0097,2023-07-13,IR Tablet 100 mg,API-C,83.45,0.534,2.32,4.76,58.25,32.95,11.34,500.57,7.25,4.219,6.62,95.07,Train
B0098,2023-07-15,IR Tablet 100 mg,API-C,85.71,0.53,2.47,5.14,52.74,22.29,12.02,499.85,7.81,4.174,6.88,92.13,Train
B0099,2023-07-17,IR Tablet 100 mg,API-C,86.12,0.526,2.35,5.66,64.3,29.34,11.54,499.95,7.06,4.195,6.85,93.95,Train
B0100,2023-07-19,IR Tablet 100 mg,API-C,86.63,0.534,2.44,5.08,42.08,28.82,10.91,501.07,6.98,4.197,7.05,93.53,Train
B0101,2023-07-21,IR Tablet 100 mg,API-C,89.24,0.538,2.43,5.47,49.57,25.56,11.12,498.53,6.9,4.205,7.1,93.43,Train
B0102,2023-07-23,IR Tablet 100 mg,API-C,85.57,0.527,2.44,6.18,44.78,26.14,10.82,498.84,7.36,4.209,7.17,93.69,Train
B0103,2023-07-25,IR Tablet 100 mg,API-C,84.63,0.542,2.46,5.16,54.32,25.44,11.37,501.1,7.15,4.189,6.65,95.14,Train
B0104,2023-07-27,IR Tablet 100 mg,API-C,84.6,0.528,2.3,6.2,42.15,25.19,11.38,500.77,7.4,4.207,6.73,95.22,Train
B0105,2023-07-29,IR Tablet 100 mg,API-C,86.24,0.533,2.31,5.3,50.16,23.98,10.97,497.35,7.41,4.172,6.68,93.84,Train
B0106,2023-07-31,IR Tablet 100 mg,API-C,86.58,0.535,2.46,5.0,52.86,26.88,11.0,501.42,7.38,4.214,6.44,94.53,Train
B0107,2023-08-02,IR Tablet 100 mg,API-C,83.43,0.523,2.1,4.54,55.5,30.7,11.8,499.41,7.59,4.192,6.69,94.75,Train
B0108,2023-08-04,IR Tablet 100 mg,API-C,82.36,0.535,2.36,5.46,50.74,25.33,10.82,501.91,7.12,4.216,7.05,93.37,Train
B0109,2023-08-06,IR Tablet 100 mg,API-C,86.47,0.543,2.45,5.15,50.37,25.15,11.13,499.44,7.19,4.2,6.62,93.8,Train
B0110,2023-08-08,IR Tablet 100 mg,API-C,84.6,0.53,2.34,6.21,49.28,21.11,11.2,498.85,6.97,4.195,7.28,91.69,Train
B0111,2023-08-10,IR Tablet 100 mg,API-C,83.3,0.536,1.95,4.85,57.67,29.09,11.22,499.47,7.19,4.234,6.54,95.92,Train
B0112,2023-08-12,IR Tablet 100 mg,API-C,83.14,0.54,2.34,5.35,37.22,23.71,11.16,501.59,7.34,4.209,6.24,95.52,Train
B0113,2023-08-14,IR Tablet 100 mg,API-C,85.86,0.529,2.18,4.02,50.09,30.34,11.4,501.58,7.78,4.18,6.84,92.65,Train
B0114,2023-08-16,IR Tablet 100 mg,API-C,84.43,0.531,2.29,5.12,55.18,26.03,11.46,499.11,7.58,4.189,7.05,94.13,Train
B0115,2023-08-18,IR Tablet 100 mg,API-C,84.21,0.539,2.15,5.25,53.7,26.54,10.93,500.98,7.28,4.216,6.53,94.91,Train
B0116,2023-08-20,IR Tablet 100 mg,API-C,86.57,0.547,2.09,6.73,58.94,25.11,11.71,498.25,7.24,4.178,6.91,93.88,Train
B0117,2023-08-22,IR Tablet 100 mg,API-C,85.41,0.523,2.29,4.74,48.04,24.27,10.72,501.89,6.68,4.19,6.26,94.74,Train
B0118,2023-08-24,IR Tablet 100 mg,API-C,83.47,0.541,2.17,5.21,57.46,29.07,10.92,499.92,7.0,4.208,6.25,96.45,Train
B0119,2023-08-26,IR Tablet 100 mg,API-C,86.53,0.559,2.39,6.07,32.35,22.66,11.34,501.64,7.49,4.203,7.14,93.57,Train
B0120,2023-08-28,IR Tablet 100 mg,API-C,84.03,0.543,2.46,5.44,54.21,25.74,11.2,498.95,6.88,4.194,6.48,94.91,Train
B0121,2023-08-30,IR Tablet 100 mg,API-D,72.27,0.565,1.94,4.31,51.47,27.01,10.14,499.3,7.13,4.209,5.87,96.42,Train
B0122,2023-09-01,IR Tablet 100 mg,API-D,71.75,0.577,1.66,6.81,53.13,27.72,10.46,498.21,6.67,4.202,6.45,95.66,Train
B0123,2023-09-03,IR Tablet 100 mg,API-D,73.69,0.584,1.91,4.6,48.29,23.04,9.92,500.14,6.95,4.215,6.25,96.26,Train
B0124,2023-09-05,IR Tablet 100 mg,API-D,71.89,0.551,1.8,4.12,52.07,29.16,10.2,500.11,6.99,4.221,6.04,95.55,Train
B0125,2023-09-07,IR Tablet 100 mg,API-D,75.6,0.564,1.72,4.76,60.54,22.95,11.17,498.41,7.37,4.171,6.12,95.45,Train
B0126,2023-09-09,IR Tablet 100 mg,API-D,74.64,0.56,1.92,4.54,43.12,28.03,10.66,503.23,7.13,4.204,6.24,96.84,Train
B0127,2023-09-11,IR Tablet 100 mg,API-D,73.0,0.598,1.83,5.66,50.34,30.48,10.02,499.77,6.7,4.205,5.95,97.49,Train
B0128,2023-09-13,IR Tablet 100 mg,API-D,71.59,0.576,1.91,6.23,49.29,30.43,10.33,499.32,7.05,4.172,6.48,95.64,Train
B0129,2023-09-15,IR Tablet 100 mg,API-D,73.12,0.565,1.85,3.57,48.94,29.77,10.48,500.99,7.13,4.19,6.14,96.84,Train
B0130,2023-09-17,IR Tablet 100 mg,API-D,74.59,0.552,1.71,6.09,48.66,26.71,10.55,501.64,7.02,4.211,6.83,95.27,Train
B0131,2023-09-19,IR Tablet 100 mg,API-D,74.35,0.571,1.9,6.53,52.87,22.26,10.42,499.17,7.06,4.193,6.25,96.5,Train
B0132,2023-09-21,IR Tablet 100 mg,API-D,75.95,0.566,2.03,5.51,58.78,26.81,10.65,498.26,6.81,4.19,6.5,96.18,Train
B0133,2023-09-23,IR Tablet 100 mg,API-D,72.29,0.543,1.77,6.84,51.26,23.97,10.27,499.08,6.44,4.204,6.05,96.77,Train
B0134,2023-09-25,IR Tablet 100 mg,API-D,70.56,0.572,1.97,4.28,68.43,30.49,10.46,498.32,6.89,4.176,5.87,97.62,Train
B0135,2023-09-27,IR Tablet 100 mg,API-D,73.23,0.58,1.78,5.6,48.93,26.18,10.18,502.73,6.55,4.185,6.0,97.59,Train
B0136,2023-09-29,IR Tablet 100 mg,API-D,73.86,0.573,2.04,5.76,59.88,28.04,9.9,501.65,6.06,4.239,6.1,96.39,Train
B0137,2023-10-01,IR Tablet 100 mg,API-D,71.69,0.576,1.99,4.34,52.44,25.68,9.7,499.92,6.36,4.183,5.62,97.53,Train
B0138,2023-10-03,IR Tablet 100 mg,API-D,72.1,0.554,1.96,5.28,56.22,28.36,10.54,502.08,6.91,4.209,5.95,97.59,Train
B0139,2023-10-05,IR Tablet 100 mg,API-D,72.36,0.562,2.01,4.94,48.57,25.69,9.97,498.78,6.97,4.207,5.66,98.1,Train
B0140,2023-10-07,IR Tablet 100 mg,API-D,72.14,0.574,1.84,5.35,56.76,30.28,10.69,497.02,6.84,4.197,5.97,96.67,Train
B0141,2023-10-09,IR Tablet 100 mg,API-D,72.01,0.567,1.65,4.29,58.34,26.95,10.27,499.27,6.85,4.211,5.99,96.59,Train
B0142,2023-10-11,IR Tablet 100 mg,API-D,72.95,0.568,1.9,4.91,58.72,30.25,9.84,497.12,6.44,4.197,5.31,98.47,Train
B0143,2023-10-13,IR Tablet 100 mg,API-D,75.21,0.556,1.77,4.51,48.73,26.66,9.86,500.27,6.47,4.224,5.66,97.22,Train
B0144,2023-10-15,IR Tablet 100 mg,API-D,75.16,0.576,1.95,4.66,53.92,32.79,10.97,501.24,7.16,4.196,6.41,95.61,Train
B0145,2023-10-17,IR Tablet 100 mg,API-D,73.02,0.553,2.03,3.92,59.64,28.13,10.49,501.6,6.91,4.213,5.82,96.63,Train
B0146,2023-10-19,IR Tablet 100 mg,API-D,72.54,0.581,1.91,5.13,49.01,30.57,9.88,503.56,6.57,4.223,5.46,98.13,Train
B0147,2023-10-21,IR Tablet 100 mg,API-D,71.01,0.571,2.01,5.25,55.36,30.45,9.72,500.65,6.17,4.231,5.42,98.91,Train
B0148,2023-10-23,IR Tablet 100 mg,API-D,76.19,0.544,1.86,3.88,62.47,27.26,11.05,499.42,7.03,4.177,6.19,95.69,Train
B0149,2023-10-25,IR Tablet 100 mg,API-D,73.18,0.588,1.88,4.81,47.45,28.01,9.78,498.63,6.4,4.2,5.26,98.26,Train
B0150,2023-10-27,IR Tablet 100 mg,API-D,74.11,0.577,2.11,5.94,55.94,23.75,10.51,500.5,6.67,4.227,5.95,97.67,Train
B0151,2023-10-29,IR Tablet 100 mg,API-D,74.18,0.591,1.88,6.56,51.98,23.66,10.24,501.15,6.46,4.236,6.16,98.32,Train
B0152,2023-10-31,IR Tablet 100 mg,API-D,68.91,0.598,1.65,4.9,45.95,27.73,9.73,500.55,6.71,4.22,5.62,98.31,Train
B0153,2023-11-02,IR Tablet 100 mg,API-D,69.7,0.557,1.73,5.33,59.98,28.22,10.05,497.9,6.61,4.22,5.65,97.01,Train
B0154,2023-11-04,IR Tablet 100 mg,API-D,72.0,0.57,1.93,3.3,50.4,29.35,9.79,502.54,7.01,4.191,5.38,98.59,Train
B0155,2023-11-06,IR Tablet 100 mg,API-D,69.84,0.557,1.7,4.98,56.28,29.7,10.37,498.39,7.07,4.195,5.86,97.83,Train
B0156,2023-11-08,IR Tablet 100 mg,API-D,72.93,0.575,1.98,6.61,54.02,29.6,9.29,499.18,6.29,4.24,6.05,95.97,Train
B0157,2023-11-10,IR Tablet 100 mg,API-D,70.3,0.555,1.81,3.63,53.09,27.63,9.65,498.36,6.25,4.203,5.13,98.14,Train
B0158,2023-11-12,IR Tablet 100 mg,API-D,69.61,0.566,1.88,5.21,59.49,28.15,10.81,502.62,7.14,4.225,6.33,97.18,Train
B0159,2023-11-14,IR Tablet 100 mg,API-D,72.36,0.573,2.12,5.12,49.0,26.19,10.5,499.41,7.2,4.206,6.27,98.01,Train
B0160,2023-11-16,IR Tablet 100 mg,API-D,70.49,0.564,1.86,5.31,45.07,25.52,10.56,500.0,7.32,4.191,6.03,97.48,Train
B0161,2023-11-18,IR Tablet 100 mg,API-E,78.41,0.534,2.26,4.82,51.45,25.13,10.96,498.26,7.45,4.173,6.22,96.42,Train
B0162,2023-11-20,IR Tablet 100 mg,API-E,79.7,0.546,2.28,5.01,53.53,28.06,11.19,499.04,7.32,4.193,6.14,96.74,Train
B0163,2023-11-22,IR Tablet 100 mg,API-E,81.38,0.55,2.15,4.57,59.56,23.74,10.1,497.74,6.55,4.215,6.27,94.39,Train
B0164,2023-11-24,IR Tablet 100 mg,API-E,77.38,0.538,2.23,5.71,55.63,26.23,10.77,499.72,7.19,4.188,6.69,94.89,Train
B0165,2023-11-26,IR Tablet 100 mg,API-E,79.19,0.55,2.37,5.18,63.14,27.52,10.54,498.26,6.76,4.211,6.23,95.17,Train
B0166,2023-11-28,IR Tablet 100 mg,API-E,77.85,0.543,2.41,5.21,55.02,28.14,10.75,501.58,6.87,4.212,6.39,95.08,Train
B0167,2023-11-30,IR Tablet 100 mg,API-E,81.3,0.554,2.23,5.95,57.29,29.63,10.83,499.72,6.88,4.183,6.61,95.55,Train
B0168,2023-12-02,IR Tablet 100 mg,API-E,80.01,0.548,2.42,4.19,48.59,28.43,11.25,501.95,7.23,4.185,6.12,96.45,Train
B0169,2023-12-04,IR Tablet 100 mg,API-E,77.48,0.553,2.4,5.51,52.26,28.18,10.92,500.56,7.1,4.21,6.84,96.34,Train
B0170,2023-12-06,IR Tablet 100 mg,API-E,76.62,0.554,2.36,4.36,51.38,25.94,10.11,499.14,6.84,4.187,5.84,96.39,Train
B0171,2023-12-08,IR Tablet 100 mg,API-E,76.83,0.536,2.18,4.57,61.92,25.36,11.16,497.4,7.02,4.205,6.25,96.24,Train
B0172,2023-12-10,IR Tablet 100 mg,API-E,78.42,0.56,2.28,5.41,59.19,28.36,10.41,501.71,6.56,4.197,6.3,96.92,Train
B0173,2023-12-12,IR Tablet 100 mg,API-E,79.39,0.536,2.35,5.42,57.24,25.05,10.32,499.27,6.57,4.212,6.49,94.36,Train
B0174,2023-12-14,IR Tablet 100 mg,API-E,76.57,0.543,2.51,5.0,59.15,23.44,10.8,499.6,7.27,4.184,6.91,93.65,Train
B0175,2023-12-16,IR Tablet 100 mg,API-E,80.94,0.571,2.34,4.25,67.7,30.61,10.6,499.89,6.48,4.212,5.62,94.93,Train
B0176,2023-12-18,IR Tablet 100 mg,API-E,79.64,0.542,2.33,5.28,52.19,25.78,10.87,500.54,7.13,4.194,6.49,96.19,Train
B0177,2023-12-20,IR Tablet 100 mg,API-E,80.54,0.548,2.42,5.7,57.56,28.39,11.12,499.5,7.26,4.203,6.9,94.87,Train
B0178,2023-12-22,IR Tablet 100 mg,API-E,79.59,0.542,2.23,5.37,51.45,29.01,10.48,500.15,6.52,4.208,6.07,96.92,Train
B0179,2023-12-24,IR Tablet 100 mg,API-E,78.72,0.568,2.28,4.06,60.68,30.01,11.49,499.11,7.17,4.218,6.25,96.19,Train
B0180,2023-12-26,IR Tablet 100 mg,API-E,82.32,0.553,2.28,5.65,51.29,25.6,11.06,500.11,7.14,4.199,6.37,96.16,Train
B0181,2023-12-28,IR Tablet 100 mg,API-E,81.97,0.556,2.51,6.86,53.25,26.26,10.51,499.39,6.77,4.203,7.14,93.36,Train
B0182,2023-12-30,IR Tablet 100 mg,API-E,81.53,0.549,2.36,5.41,53.08,27.46,11.14,500.14,7.34,4.185,6.54,94.51,Train
B0183,2024-01-01,IR Tablet 100 mg,API-E,79.94,0.542,2.41,5.4,55.05,27.57,11.1,500.7,7.56,4.19,6.7,94.11,Train
B0184,2024-01-03,IR Tablet 100 mg,API-E,82.37,0.544,2.45,5.94,46.77,25.23,11.1,500.41,6.98,4.205,7.09,94.06,Train
B0185,2024-01-05,IR Tablet 100 mg,API-E,79.61,0.567,2.6,5.35,50.18,27.1,10.45,498.71,6.79,4.19,6.68,94.53,Train
B0186,2024-01-07,IR Tablet 100 mg,API-E,74.27,0.539,2.4,4.72,47.95,25.83,10.0,501.04,6.57,4.197,6.06,95.15,Train
B0187,2024-01-09,IR Tablet 100 mg,API-E,78.82,0.538,2.3,4.79,45.77,24.98,11.13,498.79,7.88,4.193,7.13,93.99,Train
B0188,2024-01-11,IR Tablet 100 mg,API-E,80.24,0.552,2.57,4.89,61.18,27.35,11.51,498.64,7.16,4.175,6.28,95.69,Train
B0189,2024-01-13,IR Tablet 100 mg,API-E,76.18,0.541,2.33,5.13,54.23,31.26,10.48,498.92,6.97,4.192,6.16,96.05,Train
B0190,2024-01-15,IR Tablet 100 mg,API-E,81.11,0.565,2.35,4.95,56.19,26.14,10.08,498.52,6.66,4.193,6.05,96.95,Train
B0191,2024-01-17,IR Tablet 100 mg,API-E,80.93,0.568,2.26,5.59,62.18,31.09,10.8,499.66,6.61,4.199,6.41,96.21,Train
B0192,2024-01-19,IR Tablet 100 mg,API-E,77.0,0.558,2.37,6.12,49.63,27.56,9.53,501.48,6.21,4.229,6.11,95.69,Train
B0193,2024-01-21,IR Tablet 100 mg,API-E,78.4,0.565,2.24,5.11,57.29,27.48,10.33,499.27,6.71,4.226,6.02,95.64,Train
B0194,2024-01-23,IR Tablet 100 mg,API-E,80.25,0.551,2.42,5.16,53.31,23.3,11.0,497.64,7.3,4.164,6.87,94.33,Train
B0195,2024-01-25,IR Tablet 100 mg,API-E,74.55,0.551,2.36,5.17,45.56,31.37,10.03,503.08,6.13,4.229,5.84,96.6,Train
B0196,2024-01-27,IR Tablet 100 mg,API-E,80.5,0.543,2.39,5.14,54.89,25.48,11.09,500.06,7.24,4.199,6.43,94.87,Train
B0197,2024-01-29,IR Tablet 100 mg,API-E,78.06,0.554,2.21,5.07,63.06,30.69,10.46,501.33,6.26,4.213,6.16,96.62,Train
B0198,2024-01-31,IR Tablet 100 mg,API-E,79.07,0.538,2.17,5.56,55.05,31.46,10.53,499.39,6.62,4.18,6.13,96.13,Train
B0199,2024-02-02,IR Tablet 100 mg,API-E,78.11,0.571,2.55,4.92,49.35,29.64,10.91,499.37,7.06,4.186,5.97,95.8,Train
B0200,2024-02-04,IR Tablet 100 mg,API-E,76.3,0.559,2.4,3.85,48.69,25.59,10.97,499.24,7.63,4.209,6.04,96.63,Train
B0201,2024-02-06,IR Tablet 100 mg,API-F,83.2,0.522,2.32,4.02,63.58,24.62,11.28,496.2,7.11,4.18,6.28,94.76,Train
B0202,2024-02-08,IR Tablet 100 mg,API-F,83.67,0.555,2.37,4.46,67.01,26.75,11.27,497.49,7.0,4.198,6.05,94.77,Train
B0203,2024-02-10,IR Tablet 100 mg,API-F,81.59,0.552,2.49,5.86,59.31,32.19,11.4,498.93,7.29,4.2,6.59,94.59,Train
B0204,2024-02-12,IR Tablet 100 mg,API-F,81.23,0.528,2.37,4.79,51.03,27.15,10.06,501.75,6.49,4.214,6.32,95.22,Train
B0205,2024-02-14,IR Tablet 100 mg,API-F,81.27,0.543,2.47,6.33,53.84,28.22,10.41,499.05,6.54,4.204,6.22,94.38,Train
B0206,2024-02-16,IR Tablet 100 mg,API-F,81.59,0.521,2.38,4.34,67.89,30.07,11.58,498.57,7.62,4.193,6.77,92.75,Train
B0207,2024-02-18,IR Tablet 100 mg,API-F,82.76,0.537,2.43,5.03,56.75,28.18,11.06,499.76,6.94,4.197,6.67,94.41,Train
B0208,2024-02-20,IR Tablet 100 mg,API-F,82.28,0.532,2.51,5.11,62.38,28.73,11.65,497.29,6.97,4.19,5.8,94.57,Train
B0209,2024-02-22,IR Tablet 100 mg,API-F,80.42,0.535,2.43,4.17,61.83,31.49,11.69,498.58,7.53,4.215,6.18,95.51,Train
B0210,2024-02-24,IR Tablet 100 mg,API-F,82.34,0.545,2.18,4.16,53.04,28.66,11.22,499.32,7.49,4.192,6.21,95.15,Train
B0211,2024-02-26,IR Tablet 100 mg,API-F,78.35,0.524,2.27,6.05,63.62,28.64,11.08,497.99,6.39,4.21,6.35,94.49,Train
B0212,2024-02-28,IR Tablet 100 mg,API-F,83.61,0.55,2.44,3.79,58.6,29.28,10.66,499.1,7.11,4.224,6.42,94.94,Train
B0213,2024-03-01,IR Tablet 100 mg,API-F,80.72,0.525,2.26,5.45,55.09,30.56,10.32,499.02,6.56,4.208,6.26,94.53,Train
B0214,2024-03-03,IR Tablet 100 mg,API-F,80.41,0.55,2.32,4.84,62.87,29.88,11.01,501.79,6.72,4.214,6.01,96.43,Train
B0215,2024-03-05,IR Tablet 100 mg,API-F,80.1,0.547,2.32,7.13,60.29,33.5,10.65,499.96,6.6,4.183,6.44,96.05,Train
B0216,2024-03-07,IR Tablet 100 mg,API-F,83.63,0.536,2.49,5.65,62.15,26.6,11.61,498.15,7.66,4.171,7.68,91.65,Train
B0217,2024-03-09,IR Tablet 100 mg,API-F,79.43,0.525,2.41,5.44,54.26,29.4,11.64,500.6,7.75,4.2,7.09,92.59,Train
B0218,2024-03-11,IR Tablet 100 mg,API-F,84.35,0.539,2.38,6.24,42.09,27.35,10.9,503.52,7.2,4.223,7.24,92.58,Train
B0219,2024-03-13,IR Tablet 100 mg,API-F,81.75,0.531,2.36,4.64,49.4,26.61,10.7,500.97,7.44,4.189,6.51,95.3,Train
B0220,2024-03-15,IR Tablet 100 mg,API-F,83.47,0.52,2.36,4.16,53.45,26.19,10.96,499.32,7.26,4.198,6.8,94.29,Train
B0221,2024-03-17,IR Tablet 100 mg,API-F,79.86,0.555,2.39,4.31,52.07,27.32,10.72,500.56,6.75,4.2,6.56,94.24,Train
B0222,2024-03-19,IR Tablet 100 mg,API-F,79.36,0.539,2.39,4.73,59.25,28.11,10.51,499.43,6.67,4.209,6.24,94.81,Train
B0223,2024-03-21,IR Tablet 100 mg,API-F,81.44,0.525,2.32,5.28,62.93,27.06,11.37,498.69,7.14,4.191,6.37,94.76,Train
B0224,2024-03-23,IR Tablet 100 mg,API-F,79.49,0.543,2.3,6.24,54.96,28.32,11.05,500.99,7.36,4.217,6.8,94.45,Train
B0225,2024-03-25,IR Tablet 100 mg,API-F,84.09,0.544,2.35,5.31,64.68,30.85,10.39,498.62,6.31,4.196,6.49,95.0,Train
B0226,2024-03-27,IR Tablet 100 mg,API-F,81.55,0.556,2.33,6.31,64.43,29.87,11.35,498.93,7.31,4.189,7.1,93.34,Train
B0227,2024-03-29,IR Tablet 100 mg,API-F,80.7,0.542,2.4,6.32,58.71,29.45,11.18,502.74,7.1,4.19,6.44,94.74,Train
B0228,2024-03-31,IR Tablet 100 mg,API-F,82.01,0.526,2.24,4.56,58.75,29.55,10.76,498.86,7.2,4.218,6.53,94.45,Train
B0229,2024-04-02,IR Tablet 100 mg,API-F,80.66,0.546,2.17,3.97,64.27,25.87,10.7,501.0,6.75,4.224,5.85,95.43,Train
B0230,2024-04-04,IR Tablet 100 mg,API-F,82.31,0.537,2.44,4.12,61.74,29.06,11.43,499.8,7.19,4.214,6.54,94.76,Train
B0231,2024-04-06,IR Tablet 100 mg,API-F,82.71,0.543,2.3,3.92,48.61,26.14,9.85,499.37,6.72,4.19,6.48,93.7,Train
B0232,2024-04-08,IR Tablet 100 mg,API-F,82.74,0.515,2.39,6.44,56.37,24.92,10.57,499.84,6.76,4.208,6.54,93.23,Train
B0233,2024-04-10,IR Tablet 100 mg,API-F,80.16,0.525,2.18,5.91,66.22,32.18,11.82,498.78,6.97,4.2,6.46,93.54,Train
B0234,2024-04-12,IR Tablet 100 mg,API-F,82.25,0.532,2.42,5.46,52.52,26.92,10.63,500.26,6.79,4.189,6.51,94.26,Train
B0235,2024-04-14,IR Tablet 100 mg,API-F,81.19,0.538,2.59,5.44,56.51,26.19,10.17,499.18,6.42,4.199,6.36,94.16,Train
B0236,2024-04-16,IR Tablet 100 mg,API-F,82.62,0.534,2.51,5.62,54.05,27.22,11.33,498.96,7.54,4.181,6.42,94.45,Train
B0237,2024-04-18,IR Tablet 100 mg,API-F,80.69,0.538,2.33,5.94,58.02,29.85,10.53,500.05,6.47,4.208,6.85,93.94,Train
B0238,2024-04-20,IR Tablet 100 mg,API-F,82.16,0.533,2.39,4.54,54.48,23.51,11.4,498.87,7.5,4.169,6.93,94.24,Train
B0239,2024-04-22,IR Tablet 100 mg,API-F,80.87,0.54,2.32,5.82,43.85,26.03,10.65,501.67,6.74,4.196,6.14,96.06,Train
B0240,2024-04-24,IR Tablet 100 mg,API-F,82.23,0.55,2.44,5.68,50.96,26.38,11.34,500.42,7.13,4.186,6.56,94.51,Train
B0241,2024-04-26,IR Tablet 100 mg,API-G,72.01,0.556,2.47,5.54,49.23,31.71,10.1,500.66,6.88,4.222,6.28,96.25,Train
B0242,2024-04-28,IR Tablet 100 mg,API-G,71.78,0.55,2.24,5.84,57.36,32.28,10.29,502.29,6.63,4.235,6.09,97.36,Train
B0243,2024-04-30,IR Tablet 100 mg,API-G,70.51,0.548,2.31,5.88,43.14,24.16,10.12,500.44,6.76,4.212,6.07,96.64,Train
B0244,2024-05-02,IR Tablet 100 mg,API-G,74.3,0.541,2.5,4.61,48.1,26.91,10.3,500.87,6.66,4.206,5.73,96.56,Train
B0245,2024-05-04,IR Tablet 100 mg,API-G,72.09,0.544,2.24,5.02,67.97,26.55,10.39,499.73,6.78,4.2,5.9,95.22,Train
B0246,2024-05-06,IR Tablet 100 mg,API-G,70.51,0.548,2.41,5.3,46.18,26.45,9.79,502.13,6.23,4.202,5.33,98.89,Train
B0247,2024-05-08,IR Tablet 100 mg,API-G,74.94,0.549,2.46,3.88,54.74,33.04,10.45,499.57,6.84,4.194,5.77,96.18,Train
B0248,2024-05-10,IR Tablet 100 mg,API-G,71.22,0.534,2.35,5.04,45.58,27.99,10.06,503.25,6.87,4.199,5.75,97.24,Train
B0249,2024-05-12,IR Tablet 100 mg,API-G,74.02,0.558,2.45,4.14,63.8,29.33,10.66,500.75,7.06,4.18,6.15,95.52,Train
B0250,2024-05-14,IR Tablet 100 mg,API-G,74.16,0.555,2.43,4.5,51.58,25.45,10.57,498.78,7.01,4.23,6.33,97.16,Train
B0251,2024-05-16,IR Tablet 100 mg,API-G,71.35,0.545,2.35,5.8,52.86,33.14,10.06,503.72,6.38,4.211,6.1,96.26,Train
B0252,2024-05-18,IR Tablet 100 mg,API-G,72.01,0.549,2.42,4.87,69.68,32.89,11.02,498.61,7.68,4.193,6.3,93.64,Train
B0253,2024-05-20,IR Tablet 100 mg,API-G,68.06,0.546,2.15,3.95,64.72,29.41,10.06,501.53,6.44,4.242,5.27,97.6,Train
B0254,2024-05-22,IR Tablet 100 mg,API-G,71.47,0.545,2.38,6.13,56.81,26.49,9.67,501.08,5.98,4.206,5.92,96.27,Train
B0255,2024-05-24,IR Tablet 100 mg,API-G,73.16,0.545,2.15,5.53,56.11,28.37,10.1,500.74,6.53,4.215,6.3,95.94,Train
B0256,2024-05-26,IR Tablet 100 mg,API-G,71.53,0.548,2.18,4.77,62.3,31.17,10.27,498.36,6.72,4.202,5.86,97.52,Train
B0257,2024-05-28,IR Tablet 100 mg,API-G,71.61,0.564,2.39,5.68,51.09,27.42,10.31,500.06,6.75,4.2,6.56,94.53,Train
B0258,2024-05-30,IR Tablet 100 mg,API-G,73.35,0.552,2.23,4.59,46.08,28.0,10.5,501.5,7.46,4.171,5.91,96.51,Train
B0259,2024-06-01,IR Tablet 100 mg,API-G,73.21,0.557,2.24,5.08,60.79,25.78,10.76,499.98,7.17,4.211,6.12,95.4,Train
B0260,2024-06-03,IR Tablet 100 mg,API-G,69.57,0.54,2.32,5.53,55.45,28.97,10.82,498.05,7.12,4.203,6.51,96.93,Train
B0261,2024-06-05,IR Tablet 100 mg,API-G,73.72,0.538,2.42,4.44,58.5,27.24,10.33,499.74,6.61,4.207,5.75,96.53,Train
B0262,2024-06-07,IR Tablet 100 mg,API-G,70.96,0.537,2.16,5.35,59.69,26.65,9.64,500.01,6.15,4.226,5.64,97.33,Train
B0263,2024-06-09,IR Tablet 100 mg,API-G,72.65,0.55,2.46,4.24,55.49,28.49,10.26,500.46,6.71,4.183,6.24,95.57,Train
B0264,2024-06-11,IR Tablet 100 mg,API-G,71.53,0.534,2.36,4.9,46.52,29.43,10.56,498.89,7.28,4.182,6.38,95.78,Train
B0265,2024-06-13,IR Tablet 100 mg,API-G,73.77,0.558,2.52,4.89,53.97,27.31,10.23,502.79,6.75,4.228,6.06,95.7,Train
B0266,2024-06-15,IR Tablet 100 mg,API-G,73.69,0.544,2.44,6.11,57.04,28.94,10.37,500.98,6.81,4.221,6.23,95.61,Train
B0267,2024-06-17,IR Tablet 100 mg,API-G,70.7,0.557,2.44,5.19,55.48,29.35,10.4,500.91,6.66,4.197,5.77,96.29,Train
B0268,2024-06-19,IR Tablet 100 mg,API-G,72.56,0.575,2.37,3.88,50.82,25.39,10.41,500.12,7.43,4.194,6.0,97.5,Train
B0269,2024-06-21,IR Tablet 100 mg,API-G,70.43,0.551,2.48,5.24,58.44,26.88,9.7,498.96,6.46,4.2,5.51,95.54,Train
B0270,2024-06-23,IR Tablet 100 mg,API-G,75.19,0.533,2.29,4.25,60.45,25.21,10.12,498.98,6.22,4.219,5.85,96.2,Train
B0271,2024-06-25,IR Tablet 100 mg,API-G,67.74,0.544,2.33,5.99,65.38,32.37,10.41,499.61,6.54,4.199,5.81,95.97,Train
B0272,2024-06-27,IR Tablet 100 mg,API-G,72.0,0.567,2.21,6.45,59.95,31.03,10.41,500.12,6.82,4.198,6.09,96.95,Train
B0273,2024-06-29,IR Tablet 100 mg,API-G,71.09,0.568,2.37,5.48,56.4,28.6,10.78,500.47,7.36,4.17,6.5,96.62,Train
B0274,2024-07-01,IR Tablet 100 mg,API-G,72.06,0.531,2.36,4.92,64.77,32.56,11.13,500.47,7.27,4.201,6.52,94.76,Train
B0275,2024-07-03,IR Tablet 100 mg,API-G,73.42,0.564,2.37,5.39,53.1,25.92,10.17,499.03,6.33,4.215,6.12,96.99,Train
B0276,2024-07-05,IR Tablet 100 mg,API-G,74.88,0.551,2.62,5.04,58.7,31.99,10.0,501.31,6.54,4.243,5.85,95.38,Train
B0277,2024-07-07,IR Tablet 100 mg,API-G,68.22,0.553,2.2,4.16,60.58,28.23,9.76,500.55,6.47,4.206,5.03,97.72,Train
B0278,2024-07-09,IR Tablet 100 mg,API-G,69.91,0.549,2.32,4.97,51.62,27.26,10.54,499.58,7.22,4.206,6.31,95.18,Train
B0279,2024-07-11,IR Tablet 100 mg,API-G,73.39,0.553,2.4,4.91,54.2,25.58,9.89,499.87,6.26,4.206,5.92,96.82,Train
B0280,2024-07-13,IR Tablet 100 mg,API-G,71.77,0.527,2.39,5.76,56.34,27.69,9.98,500.03,7.0,4.209,6.19,94.73,Train
B0281,2024-07-15,IR Tablet 100 mg,API-H,75.29,0.537,1.83,4.9,60.3,28.9,10.22,496.98,6.59,4.165,5.53,97.98,Train
B0282,2024-07-17,IR Tablet 100 mg,API-H,76.32,0.56,1.79,5.36,61.97,31.66,10.62,498.65,6.74,4.181,5.73,97.46,Train
B0283,2024-07-19,IR Tablet 100 mg,API-H,76.09,0.557,1.98,4.51,54.71,27.5,10.99,500.0,7.54,4.191,6.67,95.76,Train
B0284,2024-07-21,IR Tablet 100 mg,API-H,80.0,0.554,2.02,6.03,47.87,31.11,10.74,499.89,6.87,4.192,6.72,95.38,Train
B0285,2024-07-23,IR Tablet 100 mg,API-H,77.8,0.556,1.7,4.09,59.54,25.53,11.16,497.51,7.13,4.205,6.46,95.51,Train
B0286,2024-07-25,IR Tablet 100 mg,API-H,76.88,0.526,1.82,4.79,50.43,26.22,10.95,500.25,6.72,4.229,6.27,94.93,Train
B0287,2024-07-27,IR Tablet 100 mg,API-H,79.66,0.528,1.92,5.3,51.64,28.09,10.83,500.69,6.78,4.216,6.2,96.51,Train
B0288,2024-07-29,IR Tablet 100 mg,API-H,79.04,0.551,1.74,6.64,60.27,28.73,10.65,499.63,6.85,4.175,6.73,94.29,Train
B0289,2024-07-31,IR Tablet 100 mg,API-H,76.09,0.548,1.92,4.95,59.89,32.17,10.77,499.14,6.89,4.196,6.48,95.77,Train
B0290,2024-08-02,IR Tablet 100 mg,API-H,74.77,0.527,1.99,5.49,50.25,24.3,10.8,498.04,7.05,4.207,6.46,95.06,Train
B0291,2024-08-04,IR Tablet 100 mg,API-H,78.45,0.523,1.88,4.68,45.11,28.98,10.44,501.85,6.89,4.244,6.5,94.92,Train
B0292,2024-08-06,IR Tablet 100 mg,API-H,80.89,0.553,2.03,3.67,59.65,26.07,10.88,498.54,7.19,4.166,6.01,95.71,Train
B0293,2024-08-08,IR Tablet 100 mg,API-H,79.28,0.545,1.92,5.89,62.43,27.56,10.97,496.6,6.77,4.192,6.31,95.87,Train
B0294,2024-08-10,IR Tablet 100 mg,API-H,77.48,0.563,1.96,5.17,55.63,26.87,11.14,498.68,7.45,4.174,6.49,95.41,Train
B0295,2024-08-12,IR Tablet 100 mg,API-H,78.32,0.545,1.8,3.93,39.85,24.2,10.77,499.49,7.48,4.177,6.38,94.99,Train
B0296,2024-08-14,IR Tablet 100 mg,API-H,79.65,0.531,1.82,6.41,59.45,28.71,10.88,500.23,6.58,4.192,6.81,94.65,Train
B0297,2024-08-16,IR Tablet 100 mg,API-H,77.93,0.542,1.87,6.02,59.0,28.35,10.55,499.93,6.9,4.195,6.34,96.47,Train
B0298,2024-08-18,IR Tablet 100 mg,API-H,78.01,0.556,1.75,4.6,51.21,28.35,9.97,501.29,6.56,4.218,6.11,96.43,Train
B0299,2024-08-20,IR Tablet 100 mg,API-H,73.71,0.551,1.99,4.84,62.31,30.95,10.98,498.66,7.41,4.174,6.45,96.38,Train
B0300,2024-08-22,IR Tablet 100 mg,API-H,78.8,0.55,2.04,5.85,61.67,32.02,10.4,499.98,6.28,4.198,6.41,96.01,Train
B0301,2024-08-24,IR Tablet 100 mg,API-H,80.44,0.552,1.54,4.96,55.28,26.5,11.55,498.97,7.79,4.183,6.69,93.82,Train
B0302,2024-08-26,IR Tablet 100 mg,API-H,80.53,0.542,1.74,5.3,48.58,29.7,10.2,500.27,6.7,4.192,6.61,94.75,Train
B0303,2024-08-28,IR Tablet 100 mg,API-H,77.77,0.544,1.86,5.23,70.51,29.96,10.65,500.46,6.83,4.198,6.08,95.08,Train
B0304,2024-08-30,IR Tablet 100 mg,API-H,77.87,0.542,1.84,4.66,61.75,26.01,10.38,496.45,6.51,4.187,5.94,95.78,Train
B0305,2024-09-01,IR Tablet 100 mg,API-H,77.21,0.55,1.86,4.61,53.98,26.1,10.63,499.79,7.29,4.205,6.36,95.59,Train
B0306,2024-09-03,IR Tablet 100 mg,API-H,78.17,0.53,1.65,5.47,63.05,22.06,11.35,495.48,6.97,4.198,6.25,94.21,Train
B0307,2024-09-05,IR Tablet 100 mg,API-H,75.57,0.557,1.83,4.86,67.8,30.02,11.07,500.11,7.03,4.181,6.28,94.74,Train
B0308,2024-09-07,IR Tablet 100 mg,API-H,79.79,0.556,1.51,6.65,49.39,27.47,10.81,500.43,6.99,4.22,6.77,93.95,Train
B0309,2024-09-09,IR Tablet 100 mg,API-H,77.78,0.542,1.84,5.11,56.98,30.43,10.5,499.1,7.08,4.195,6.68,95.33,Train
B0310,2024-09-11,IR Tablet 100 mg,API-H,76.34,0.55,2.08,4.67,56.4,25.22,10.82,499.26,7.61,4.159,6.63,95.84,Train
B0311,2024-09-13,IR Tablet 100 mg,API-H,78.87,0.542,1.9,4.86,56.14,30.29,9.81,502.11,6.19,4.22,6.14,96.45,Train
B0312,2024-09-15,IR Tablet 100 mg,API-H,78.17,0.544,1.71,5.22,56.45,27.17,10.32,499.64,6.75,4.195,5.72,96.55,Train
B0313,2024-09-17,IR Tablet 100 mg,API-H,75.74,0.534,1.81,4.66,49.78,25.2,10.41,499.11,6.93,4.209,6.28,95.0,Train
B0314,2024-09-19,IR Tablet 100 mg,API-H,76.25,0.537,1.81,5.24,56.74,24.02,9.94,498.97,6.58,4.22,6.06,95.77,Train
B0315,2024-09-21,IR Tablet 100 mg,API-H,75.04,0.522,1.83,7.03,63.15,28.18,10.43,498.28,6.2,4.228,5.9,96.06,Train
B0316,2024-09-23,IR Tablet 100 mg,API-H,76.33,0.545,1.96,5.09,57.6,26.48,10.35,501.38,6.53,4.208,5.63,97.35,Train
B0317,2024-09-25,IR Tablet 100 mg,API-H,75.92,0.545,1.81,4.52,59.45,30.37,10.2,501.32,6.64,4.22,6.1,95.76,Train
B0318,2024-09-27,IR Tablet 100 mg,API-H,77.02,0.545,1.97,3.33,67.81,29.39,10.23,498.63,6.38,4.234,5.3,95.99,Train
B0319,2024-09-29,IR Tablet 100 mg,API-H,76.8,0.53,1.86,5.48,57.85,26.28,11.08,499.02,7.06,4.211,6.37,94.02,Train
B0320,2024-10-01,IR Tablet 100 mg,API-H,78.32,0.519,1.71,4.77,57.97,28.89,10.65,500.78,6.96,4.196,5.71,96.08,Train
B0321,2024-10-03,IR Tablet 100 mg,API-I,81.88,0.527,1.75,3.4,51.26,24.7,10.51,500.38,7.41,4.195,5.93,94.76,Train
B0322,2024-10-05,IR Tablet 100 mg,API-I,85.22,0.533,1.7,6.83,57.43,26.24,10.88,497.14,6.23,4.21,6.27,94.92,Train
B0323,2024-10-07,IR Tablet 100 mg,API-I,82.21,0.532,1.92,4.08,55.19,23.86,11.94,497.14,7.71,4.215,6.39,95.19,Train
B0324,2024-10-09,IR Tablet 100 mg,API-I,83.22,0.507,1.84,4.44,63.67,26.41,12.0,498.09,7.81,4.217,6.59,93.2,Train
B0325,2024-10-11,IR Tablet 100 mg,API-I,84.43,0.521,1.93,5.84,52.35,22.95,10.05,497.86,6.22,4.176,6.16,94.37,Train
B0326,2024-10-13,IR Tablet 100 mg,API-I,83.37,0.549,1.78,5.36,46.59,28.2,10.63,500.58,6.95,4.172,6.7,94.18,Train
B0327,2024-10-15,IR Tablet 100 mg,API-I,82.92,0.531,2.12,5.18,48.27,26.12,10.7,499.79,7.02,4.213,6.18,95.58,Train
B0328,2024-10-17,IR Tablet 100 mg,API-I,83.12,0.535,1.94,5.06,35.41,25.83,10.82,502.47,7.18,4.225,6.47,94.47,Train
B0329,2024-10-19,IR Tablet 100 mg,API-I,86.69,0.504,1.91,5.65,50.47,24.82,11.82,501.32,8.02,4.185,7.26,92.45,Train
B0330,2024-10-21,IR Tablet 100 mg,API-I,81.27,0.551,1.98,5.82,43.86,25.65,10.77,501.45,6.92,4.215,6.99,93.96,Train
B0331,2024-10-23,IR Tablet 100 mg,API-I,82.75,0.518,1.68,4.68,54.47,28.57,10.96,501.43,7.27,4.19,6.59,93.8,Train
B0332,2024-10-25,IR Tablet 100 mg,API-I,83.48,0.521,1.9,4.63,61.6,28.05,11.53,498.66,7.02,4.199,6.06,95.0,Train
B0333,2024-10-27,IR Tablet 100 mg,API-I,82.66,0.559,1.81,5.1,51.2,30.57,10.87,501.02,7.45,4.213,6.6,94.15,Train
B0334,2024-10-29,IR Tablet 100 mg,API-I,84.64,0.534,1.75,5.58,54.31,24.85,11.39,499.82,7.62,4.186,7.33,92.96,Train
B0335,2024-10-31,IR Tablet 100 mg,API-I,83.3,0.537,1.91,4.58,61.53,29.52,11.61,500.04,7.61,4.194,6.31,94.17,Train
B0336,2024-11-02,IR Tablet 100 mg,API-I,82.95,0.56,1.73,5.6,60.37,27.69,11.34,499.65,7.71,4.202,6.6,94.57,Train
B0337,2024-11-04,IR Tablet 100 mg,API-I,81.35,0.532,1.75,4.46,62.39,29.88,11.33,501.2,7.61,4.197,6.05,95.58,Train
B0338,2024-11-06,IR Tablet 100 mg,API-I,84.3,0.512,1.8,4.4,44.8,27.8,10.58,500.76,6.89,4.219,5.82,94.98,Train
B0339,2024-11-08,IR Tablet 100 mg,API-I,84.81,0.533,1.74,3.95,59.79,29.36,11.33,499.64,7.53,4.197,6.06,94.85,Train
B0340,2024-11-10,IR Tablet 100 mg,API-I,85.0,0.55,1.57,5.65,62.68,29.54,11.85,499.1,7.5,4.185,6.76,93.57,Train
B0341,2024-11-12,IR Tablet 100 mg,API-I,83.11,0.546,1.9,4.35,58.28,22.7,10.85,497.38,6.76,4.201,6.44,95.34,Train
B0342,2024-11-14,IR Tablet 100 mg,API-I,83.84,0.518,1.89,4.75,48.63,27.05,10.59,499.41,7.02,4.189,6.59,93.51,Train
B0343,2024-11-16,IR Tablet 100 mg,API-I,84.67,0.542,1.85,4.46,58.02,26.33,11.6,499.92,7.31,4.2,6.67,94.92,Train
B0344,2024-11-18,IR Tablet 100 mg,API-I,83.59,0.536,2.05,5.55,58.09,28.63,10.51,500.68,6.59,4.211,6.33,94.76,Train
B0345,2024-11-20,IR Tablet 100 mg,API-I,82.53,0.526,1.9,4.76,50.01,24.26,11.31,499.24,7.46,4.196,6.35,94.8,Train
B0346,2024-11-22,IR Tablet 100 mg,API-I,84.62,0.559,1.85,5.06,54.72,26.72,10.39,499.35,6.55,4.21,5.46,96.86,Train
B0347,2024-11-24,IR Tablet 100 mg,API-I,83.18,0.536,1.79,5.17,41.47,23.73,10.22,501.82,6.88,4.196,5.88,95.27,Train
B0348,2024-11-26,IR Tablet 100 mg,API-I,84.12,0.52,1.83,4.96,55.21,27.64,10.87,499.42,7.3,4.204,6.92,93.79,Train
B0349,2024-11-28,IR Tablet 100 mg,API-I,83.94,0.552,1.79,5.3,54.23,24.44,11.86,496.96,7.36,4.175,6.74,94.93,Train
B0350,2024-11-30,IR Tablet 100 mg,API-I,86.28,0.542,1.75,5.59,42.02,28.56,10.77,498.35,7.04,4.201,6.33,94.28,Train
B0351,2024-12-02,IR Tablet 100 mg,API-I,82.63,0.533,1.69,5.58,49.68,21.4,10.32,500.52,7.0,4.209,6.51,93.12,Train
B0352,2024-12-04,IR Tablet 100 mg,API-I,80.64,0.515,1.99,3.27,53.1,31.24,11.09,499.09,7.39,4.199,5.82,95.47,Train
B0353,2024-12-06,IR Tablet 100 mg,API-I,84.99,0.521,1.83,5.54,53.53,27.37,11.44,501.39,7.66,4.211,7.13,92.86,Train
B0354,2024-12-08,IR Tablet 100 mg,API-I,82.1,0.546,1.78,4.15,52.35,25.53,10.76,497.46,6.97,4.211,6.15,94.84,Train
B0355,2024-12-10,IR Tablet 100 mg,API-I,82.19,0.542,1.83,5.37,41.79,25.31,10.43,500.34,7.31,4.186,6.43,94.74,Train
B0356,2024-12-12,IR Tablet 100 mg,API-I,80.82,0.524,1.68,4.97,47.73,22.1,10.43,497.7,6.36,4.201,6.31,92.38,Train
B0357,2024-12-14,IR Tablet 100 mg,API-I,83.04,0.553,1.96,6.4,66.43,30.75,12.0,501.54,7.4,4.178,7.7,93.16,Train
B0358,2024-12-16,IR Tablet 100 mg,API-I,84.03,0.529,1.71,5.65,52.91,26.13,10.98,500.84,7.13,4.209,6.4,95.34,Train
B0359,2024-12-18,IR Tablet 100 mg,API-I,84.94,0.54,1.92,4.9,57.29,28.79,11.3,502.44,7.52,4.192,6.5,95.26,Train
B0360,2024-12-20,IR Tablet 100 mg,API-I,82.8,0.536,1.84,4.17,58.34,27.99,10.85,500.16,7.03,4.192,5.54,96.48,Train
B0361,2024-12-22,IR Tablet 100 mg,API-J,71.86,0.577,2.38,4.93,44.15,33.13,10.14,502.66,7.03,4.24,5.63,97.99,Train
B0362,2024-12-24,IR Tablet 100 mg,API-J,69.4,0.568,2.38,4.8,53.15,26.93,11.32,499.16,7.22,4.2,6.15,96.24,Train
B0363,2024-12-26,IR Tablet 100 mg,API-J,73.41,0.572,2.5,5.73,63.67,30.49,10.31,499.32,6.54,4.205,6.03,96.5,Train
B0364,2024-12-28,IR Tablet 100 mg,API-J,72.03,0.573,2.26,4.28,54.81,31.01,10.68,498.93,7.15,4.201,6.22,97.45,Train
B0365,2024-12-30,IR Tablet 100 mg,API-J,70.52,0.562,2.31,4.98,48.34,31.13,10.97,501.21,7.34,4.173,6.59,96.72,Train
B0366,2025-01-01,IR Tablet 100 mg,API-J,73.07,0.57,2.34,4.9,52.15,29.56,10.79,500.32,6.93,4.221,5.45,98.29,Train
B0367,2025-01-03,IR Tablet 100 mg,API-J,70.02,0.573,2.22,4.48,53.21,26.96,10.43,498.0,6.92,4.201,5.95,98.25,Train
B0368,2025-01-05,IR Tablet 100 mg,API-J,73.31,0.611,2.51,4.97,64.09,34.55,10.36,501.62,6.81,4.196,6.13,96.07,Train
B0369,2025-01-07,IR Tablet 100 mg,API-J,68.81,0.588,2.48,6.53,45.54,26.21,9.53,500.32,5.91,4.191,6.21,96.47,Train
B0370,2025-01-09,IR Tablet 100 mg,API-J,69.66,0.571,2.47,4.65,54.38,29.17,10.43,501.34,6.71,4.206,5.82,97.34,Train
B0371,2025-01-11,IR Tablet 100 mg,API-J,70.6,0.551,2.38,4.73,52.17,27.86,10.13,499.12,6.56,4.195,5.85,96.54,Train
B0372,2025-01-13,IR Tablet 100 mg,API-J,70.61,0.575,2.36,4.43,55.3,27.88,10.38,498.19,6.64,4.234,5.93,97.39,Train
B0373,2025-01-15,IR Tablet 100 mg,API-J,70.72,0.598,2.29,5.49,51.75,25.18,10.81,499.33,7.26,4.189,6.49,97.84,Train
B0374,2025-01-17,IR Tablet 100 mg,API-J,69.21,0.566,2.6,5.3,45.09,29.95,10.23,502.56,6.69,4.222,5.96,96.61,Train
B0375,2025-01-19,IR Tablet 100 mg,API-J,72.26,0.573,2.34,5.59,59.79,27.71,10.45,502.2,6.7,4.227,6.49,96.29,Train
B0376,2025-01-21,IR Tablet 100 mg,API-J,69.97,0.565,2.37,5.54,55.44,29.86,9.12,499.1,6.19,4.198,5.43,96.9,Train
B0377,2025-01-23,IR Tablet 100 mg,API-J,73.04,0.587,2.13,4.15,46.29,26.96,10.09,499.62,6.99,4.223,6.03,98.47,Train
B0378,2025-01-25,IR Tablet 100 mg,API-J,71.93,0.569,2.33,6.8,47.47,25.21,10.42,500.05,6.63,4.221,6.33,95.75,Train
B0379,2025-01-27,IR Tablet 100 mg,API-J,70.62,0.585,2.49,5.88,50.48,25.7,9.25,499.77,6.09,4.207,5.85,97.34,Train
B0380,2025-01-29,IR Tablet 100 mg,API-J,71.82,0.581,2.34,4.83,64.24,28.64,9.92,498.41,6.21,4.23,5.6,97.68,Train
B0381,2025-01-31,IR Tablet 100 mg,API-J,71.22,0.558,2.24,5.43,52.09,26.15,10.2,498.23,6.74,4.194,6.29,96.71,Train
B0382,2025-02-02,IR Tablet 100 mg,API-J,71.84,0.567,2.32,4.97,49.73,25.46,9.65,500.02,6.31,4.179,5.5,97.11,Train
B0383,2025-02-04,IR Tablet 100 mg,API-J,70.93,0.568,2.34,5.43,53.85,26.31,10.43,499.1,6.63,4.223,5.77,97.59,Train
B0384,2025-02-06,IR Tablet 100 mg,API-J,69.08,0.574,2.13,3.68,46.14,26.7,9.67,501.65,6.77,4.213,5.62,98.57,Train
B0385,2025-02-08,IR Tablet 100 mg,API-J,73.55,0.567,2.43,5.1,52.46,27.9,10.51,497.28,6.91,4.204,6.12,95.75,Train
B0386,2025-02-10,IR Tablet 100 mg,API-J,72.24,0.578,2.4,4.08,62.73,28.78,10.1,498.81,6.79,4.181,5.46,97.58,Train
B0387,2025-02-12,IR Tablet 100 mg,API-J,71.55,0.56,2.29,5.34,67.71,33.82,9.46,500.32,5.67,4.228,5.51,95.73,Train
B0388,2025-02-14,IR Tablet 100 mg,API-J,71.22,0.569,2.35,5.34,52.4,27.55,10.78,500.8,7.08,4.196,6.24,97.74,Train
B0389,2025-02-16,IR Tablet 100 mg,API-J,72.38,0.596,2.27,4.95,47.21,24.57,10.43,500.95,7.18,4.217,5.94,97.7,Train
B0390,2025-02-18,IR Tablet 100 mg,API-J,71.47,0.556,2.3,5.28,57.04,29.2,10.31,498.72,6.55,4.214,5.99,97.19,Train
B0391,2025-02-20,IR Tablet 100 mg,API-J,73.26,0.592,2.37,5.54,54.42,29.66,10.45,499.08,6.67,4.202,5.98,97.44,Train
B0392,2025-02-22,IR Tablet 100 mg,API-J,69.45,0.563,2.33,5.42,52.55,28.94,9.94,499.37,6.69,4.218,6.19,96.12,Train
B0393,2025-02-24,IR Tablet 100 mg,API-J,69.21,0.588,2.42,5.01,48.36,23.16,10.38,499.59,7.17,4.216,5.86,96.53,Train
B0394,2025-02-26,IR Tablet 100 mg,API-J,71.39,0.575,2.22,4.1,38.14,26.82,10.18,501.28,7.19,4.186,5.62,97.82,Train
B0395,2025-02-28,IR Tablet 100 mg,API-J,69.8,0.573,2.44,4.57,53.68,29.71,9.83,500.21,6.5,4.209,5.59,97.34,Train
B0396,2025-03-02,IR Tablet 100 mg,API-J,70.28,0.576,2.31,5.75,44.64,23.74,9.8,499.06,6.53,4.197,6.53,95.54,Train
B0397,2025-03-04,IR Tablet 100 mg,API-J,70.57,0.572,2.14,5.69,63.77,26.86,9.92,499.11,6.3,4.213,5.58,97.12,Train
B0398,2025-03-06,IR Tablet 100 mg,API-J,70.46,0.568,2.38,4.87,58.51,29.28,10.2,500.64,6.76,4.207,5.65,97.51,Train
B0399,2025-03-08,IR Tablet 100 mg,API-J,71.29,0.581,2.4,5.67,53.28,29.77,10.26,500.57,6.57,4.215,5.97,97.14,Train
B0400,2025-03-10,IR Tablet 100 mg,API-J,71.67,0.579,2.28,3.59,43.76,26.35,9.86,500.58,6.64,4.18,5.85,96.86,Train
B0401,2025-03-12,IR Tablet 100 mg,API-K,76.01,0.557,1.89,4.83,54.39,28.88,9.99,501.74,6.35,4.204,6.07,96.76,Validation
B0402,2025-03-14,IR Tablet 100 mg,API-K,74.05,0.576,1.64,3.95,65.31,28.32,10.56,500.07,7.01,4.21,6.11,95.34,Validation
B0403,2025-03-16,IR Tablet 100 mg,API-K,73.07,0.562,1.91,5.07,41.42,24.63,9.66,502.43,6.54,4.211,5.73,96.63,Validation
B0404,2025-03-18,IR Tablet 100 mg,API-K,71.15,0.554,1.81,5.51,50.82,24.93,10.4,498.49,6.96,4.209,6.35,95.96,Validation
B0405,2025-03-20,IR Tablet 100 mg,API-K,76.17,0.583,1.71,5.25,53.26,29.72,10.66,500.63,7.41,4.202,6.64,95.43,Validation
B0406,2025-03-22,IR Tablet 100 mg,API-K,73.22,0.546,1.61,6.36,60.44,32.09,11.41,501.35,7.43,4.193,6.89,93.89,Validation
B0407,2025-03-24,IR Tablet 100 mg,API-K,71.97,0.539,1.73,5.43,56.01,29.7,10.89,500.64,7.01,4.203,6.56,94.93,Validation
B0408,2025-03-26,IR Tablet 100 mg,API-K,73.78,0.576,1.86,4.47,52.03,29.12,10.76,501.44,7.17,4.207,6.48,96.87,Validation
B0409,2025-03-28,IR Tablet 100 mg,API-K,72.6,0.545,1.74,5.66,56.09,28.26,10.76,499.36,6.88,4.203,6.3,94.33,Validation
B0410,2025-03-30,IR Tablet 100 mg,API-K,76.32,0.566,1.73,5.24,56.09,26.54,10.59,500.47,6.8,4.197,6.04,96.66,Validation
B0411,2025-04-01,IR Tablet 100 mg,API-K,72.99,0.551,1.66,3.99,55.4,27.78,10.04,501.8,6.42,4.223,5.71,97.66,Validation
B0412,2025-04-03,IR Tablet 100 mg,API-K,73.69,0.558,1.7,4.97,60.2,32.16,10.71,500.64,7.21,4.187,6.59,95.32,Validation
B0413,2025-04-05,IR Tablet 100 mg,API-K,72.01,0.565,1.9,4.26,66.04,32.02,9.9,500.03,6.2,4.194,5.45,97.11,Validation
B0414,2025-04-07,IR Tablet 100 mg,API-K,73.27,0.556,1.81,4.84,47.9,26.6,10.66,501.78,7.32,4.213,6.15,95.9,Validation
B0415,2025-04-09,IR Tablet 100 mg,API-K,71.59,0.568,1.87,4.76,52.87,28.84,10.11,500.1,6.77,4.187,5.41,97.9,Validation
B0416,2025-04-11,IR Tablet 100 mg,API-K,73.24,0.554,1.92,5.21,59.31,29.29,11.27,498.87,7.41,4.189,6.22,96.66,Validation
B0417,2025-04-13,IR Tablet 100 mg,API-K,74.29,0.555,1.76,3.37,49.97,21.58,11.22,502.7,7.71,4.221,5.63,96.11,Validation
B0418,2025-04-15,IR Tablet 100 mg,API-K,74.09,0.548,1.67,4.82,54.8,31.18,10.64,502.05,6.68,4.187,5.83,96.44,Validation
B0419,2025-04-17,IR Tablet 100 mg,API-K,72.79,0.55,1.84,6.09,63.18,27.04,10.18,498.27,6.44,4.196,5.97,95.8,Validation
B0420,2025-04-19,IR Tablet 100 mg,API-K,74.03,0.55,1.82,5.08,42.86,26.71,9.94,500.58,6.9,4.21,6.0,96.01,Validation
B0421,2025-04-21,IR Tablet 100 mg,API-K,74.44,0.532,1.71,5.15,53.7,24.96,10.41,500.8,7.09,4.206,6.05,95.17,Validation
B0422,2025-04-23,IR Tablet 100 mg,API-K,74.02,0.546,1.78,3.69,63.53,30.24,11.0,497.73,7.16,4.198,5.95,96.16,Validation
B0423,2025-04-25,IR Tablet 100 mg,API-K,72.94,0.562,1.73,6.19,50.77,29.31,10.49,499.87,6.89,4.217,6.37,95.83,Validation
B0424,2025-04-27,IR Tablet 100 mg,API-K,74.64,0.561,1.64,3.33,48.34,25.24,10.57,500.66,7.13,4.207,5.81,97.22,Validation
B0425,2025-04-29,IR Tablet 100 mg,API-K,75.76,0.54,1.82,5.44,54.38,28.93,9.95,500.33,6.34,4.205,6.03,95.37,Validation
B0426,2025-05-01,IR Tablet 100 mg,API-K,72.77,0.567,1.95,5.6,56.44,30.68,10.81,500.28,6.88,4.188,6.35,96.81,Validation
B0427,2025-05-03,IR Tablet 100 mg,API-K,75.55,0.567,1.9,5.51,53.35,29.34,10.76,501.52,6.96,4.21,5.87,97.71,Validation
B0428,2025-05-05,IR Tablet 100 mg,API-K,76.24,0.56,1.87,4.43,64.35,23.64,10.99,495.57,6.98,4.197,5.72,96.34,Validation
B0429,2025-05-07,IR Tablet 100 mg,API-K,73.63,0.554,1.83,4.92,53.49,28.37,9.99,498.28,6.84,4.213,5.86,96.24,Validation
B0430,2025-05-09,IR Tablet 100 mg,API-K,76.57,0.56,1.6,5.22,60.53,26.53,10.61,498.03,6.91,4.21,6.04,95.12,Validation
B0431,2025-05-11,IR Tablet 100 mg,API-K,76.85,0.554,1.66,5.8,69.15,31.51,11.15,500.21,7.01,4.197,6.46,93.79,Validation
B0432,2025-05-13,IR Tablet 100 mg,API-K,74.64,0.586,1.84,4.5,46.55,28.59,10.07,501.77,6.78,4.198,6.28,98.0,Validation
B0433,2025-05-15,IR Tablet 100 mg,API-K,75.24,0.541,1.9,4.26,71.0,28.54,11.7,498.34,7.2,4.201,6.03,94.03,Validation
B0434,2025-05-17,IR Tablet 100 mg,API-K,76.22,0.556,1.77,5.2,47.83,26.74,10.8,502.66,7.3,4.176,6.29,95.64,Validation
B0435,2025-05-19,IR Tablet 100 mg,API-K,73.2,0.557,1.9,5.18,46.1,26.9,10.2,500.79,6.76,4.195,5.7,98.02,Validation
B0436,2025-05-21,IR Tablet 100 mg,API-K,77.21,0.563,1.79,6.11,55.66,30.11,10.45,500.19,6.61,4.209,6.1,95.95,Validation
B0437,2025-05-23,IR Tablet 100 mg,API-K,74.52,0.546,1.77,4.85,54.44,24.22,10.31,499.9,6.83,4.228,5.72,97.13,Validation
B0438,2025-05-25,IR Tablet 100 mg,API-K,75.5,0.548,1.8,5.38,47.43,25.55,10.19,499.81,6.55,4.203,6.38,95.54,Validation
B0439,2025-05-27,IR Tablet 100 mg,API-K,75.31,0.542,1.79,5.53,56.63,30.23,10.82,502.23,6.68,4.21,6.33,95.87,Validation
B0440,2025-05-29,IR Tablet 100 mg,API-K,70.89,0.513,1.65,4.48,54.04,32.49,10.72,501.98,7.4,4.196,6.08,94.78,Validation
B0441,2025-05-31,IR Tablet 100 mg,API-L,80.58,0.523,2.12,4.96,49.07,24.3,10.26,501.74,6.59,4.207,5.8,96.11,Validation
B0442,2025-06-02,IR Tablet 100 mg,API-L,79.74,0.521,2.1,6.38,43.34,30.42,10.54,504.27,6.65,4.224,6.58,94.69,Validation
B0443,2025-06-04,IR Tablet 100 mg,API-L,81.02,0.532,2.08,5.14,51.33,27.74,10.04,500.92,6.85,4.196,6.14,96.67,Validation
B0444,2025-06-06,IR Tablet 100 mg,API-L,81.56,0.545,2.11,6.54,53.3,28.0,10.86,498.44,7.07,4.195,6.73,94.58,Validation
B0445,2025-06-08,IR Tablet 100 mg,API-L,81.63,0.548,2.18,6.03,69.98,28.44,11.57,498.97,7.33,4.176,6.82,93.68,Validation
B0446,2025-06-10,IR Tablet 100 mg,API-L,77.85,0.536,1.89,4.52,53.1,29.07,10.8,498.9,7.25,4.187,6.24,95.39,Validation
B0447,2025-06-12,IR Tablet 100 mg,API-L,79.67,0.549,2.19,4.9,56.58,29.2,10.63,501.42,7.0,4.2,5.86,95.71,Validation
B0448,2025-06-14,IR Tablet 100 mg,API-L,79.03,0.536,2.18,5.05,51.92,23.09,10.99,499.25,7.38,4.206,6.75,94.7,Validation
B0449,2025-06-16,IR Tablet 100 mg,API-L,83.1,0.55,1.95,5.7,50.04,28.74,10.81,501.01,7.24,4.204,6.88,94.45,Validation
B0450,2025-06-18,IR Tablet 100 mg,API-L,78.64,0.534,2.2,6.65,60.88,36.49,10.67,500.7,6.85,4.21,6.52,94.95,Validation
B0451,2025-06-20,IR Tablet 100 mg,API-L,81.02,0.543,2.12,5.02,60.27,27.53,10.52,500.31,6.58,4.196,6.23,96.1,Validation
B0452,2025-06-22,IR Tablet 100 mg,API-L,77.93,0.524,2.34,5.48,57.11,29.58,10.72,500.25,6.89,4.199,6.36,95.0,Validation
B0453,2025-06-24,IR Tablet 100 mg,API-L,80.16,0.548,2.19,4.76,45.51,28.01,10.67,501.73,7.03,4.21,6.48,96.38,Validation
B0454,2025-06-26,IR Tablet 100 mg,API-L,77.48,0.537,2.09,5.7,50.75,25.97,10.44,500.07,6.35,4.225,5.66,97.11,Validation
B0455,2025-06-28,IR Tablet 100 mg,API-L,79.44,0.536,1.9,5.49,39.15,23.04,10.43,500.42,7.03,4.184,6.85,95.31,Validation
B0456,2025-06-30,IR Tablet 100 mg,API-L,79.82,0.535,1.97,5.63,52.86,25.17,10.82,499.82,7.19,4.182,6.79,95.74,Validation
B0457,2025-07-02,IR Tablet 100 mg,API-L,81.56,0.555,2.2,7.07,54.11,26.53,11.86,498.9,7.57,4.188,7.28,94.51,Validation
B0458,2025-07-04,IR Tablet 100 mg,API-L,77.87,0.555,2.09,6.02,61.13,29.41,11.49,500.75,7.36,4.213,7.12,94.62,Validation
B0459,2025-07-06,IR Tablet 100 mg,API-L,83.22,0.535,1.97,5.51,54.08,26.45,10.84,500.74,6.73,4.226,6.89,94.44,Validation
B0460,2025-07-08,IR Tablet 100 mg,API-L,81.14,0.506,1.98,4.93,59.76,28.11,10.96,499.05,6.99,4.191,6.06,94.8,Validation
B0461,2025-07-10,IR Tablet 100 mg,API-L,81.04,0.533,2.1,5.09,51.94,30.3,11.36,500.85,7.31,4.183,6.81,95.21,Validation
B0462,2025-07-12,IR Tablet 100 mg,API-L,76.08,0.537,2.04,4.9,59.99,30.91,11.17,500.1,7.36,4.163,6.91,95.06,Validation
B0463,2025-07-14,IR Tablet 100 mg,API-L,78.41,0.54,2.11,5.08,46.76,28.67,10.76,501.57,7.16,4.18,6.66,94.53,Validation
B0464,2025-07-16,IR Tablet 100 mg,API-L,78.9,0.531,2.06,5.03,54.54,30.31,11.35,499.3,7.37,4.197,6.33,95.77,Validation
B0465,2025-07-18,IR Tablet 100 mg,API-L,79.3,0.528,2.29,5.75,61.98,31.21,11.34,501.17,7.3,4.209,6.76,94.14,Validation
B0466,2025-07-20,IR Tablet 100 mg,API-L,81.69,0.549,2.02,4.24,60.11,26.84,11.31,501.55,7.45,4.182,6.42,94.6,Validation
B0467,2025-07-22,IR Tablet 100 mg,API-L,81.91,0.552,2.31,6.76,56.43,23.27,10.96,498.96,6.67,4.212,6.96,94.7,Validation
B0468,2025-07-24,IR Tablet 100 mg,API-L,80.13,0.535,2.11,5.48,51.96,29.07,10.81,500.33,6.93,4.193,6.15,95.93,Validation
B0469,2025-07-26,IR Tablet 100 mg,API-L,81.89,0.544,2.07,4.02,62.73,24.45,11.13,497.5,7.13,4.202,6.28,95.05,Validation
B0470,2025-07-28,IR Tablet 100 mg,API-L,78.26,0.545,2.1,5.78,56.33,27.02,10.97,499.0,7.11,4.2,6.28,94.79,Validation
B0471,2025-07-30,IR Tablet 100 mg,API-L,80.22,0.542,2.06,5.93,63.62,30.97,10.93,500.06,6.59,4.215,6.23,95.43,Validation
B0472,2025-08-01,IR Tablet 100 mg,API-L,79.51,0.537,2.31,6.45,51.68,29.07,10.49,501.66,6.62,4.203,6.55,95.06,Validation
B0473,2025-08-03,IR Tablet 100 mg,API-L,78.7,0.535,1.98,3.33,62.68,27.28,11.15,497.01,7.55,4.191,6.2,96.76,Validation
B0474,2025-08-05,IR Tablet 100 mg,API-L,80.28,0.563,1.93,5.27,53.91,23.99,10.02,498.4,6.49,4.189,5.97,96.28,Validation
B0475,2025-08-07,IR Tablet 100 mg,API-L,80.33,0.523,2.07,4.01,54.05,27.38,11.42,500.69,7.28,4.205,6.1,96.58,Validation
B0476,2025-08-09,IR Tablet 100 mg,API-L,79.27,0.556,2.27,4.47,49.45,33.29,10.75,502.04,6.81,4.203,6.32,94.43,Validation
B0477,2025-08-11,IR Tablet 100 mg,API-L,76.88,0.551,2.01,4.77,63.11,25.94,10.15,499.98,6.2,4.211,5.72,96.17,Validation
B0478,2025-08-13,IR Tablet 100 mg,API-L,78.57,0.533,2.01,5.74,57.95,24.01,11.25,499.88,7.06,4.207,6.84,95.27,Validation
B0479,2025-08-15,IR Tablet 100 mg,API-L,81.17,0.539,2.22,5.77,58.31,28.69,10.5,500.25,7.01,4.161,6.39,95.53,Validation
B0480,2025-08-17,IR Tablet 100 mg,API-L,80.72,0.556,2.16,6.68,55.57,25.1,10.92,498.97,6.8,4.193,6.84,94.94,Validation
B0481,2025-08-19,IR Tablet 100 mg,API-M,86.03,0.533,2.16,5.74,49.19,26.13,9.93,500.36,6.38,4.227,6.19,95.34,Validation
B0482,2025-08-21,IR Tablet 100 mg,API-M,82.72,0.543,2.22,3.66,53.82,28.93,11.27,500.15,7.35,4.19,6.03,95.49,Validation
B0483,2025-08-23,IR Tablet 100 mg,API-M,84.78,0.545,2.28,4.61,50.56,23.98,11.07,499.15,7.09,4.193,6.67,94.75,Validation
B0484,2025-08-25,IR Tablet 100 mg,API-M,84.97,0.535,2.15,6.18,56.03,26.46,10.8,497.75,6.6,4.203,6.75,94.61,Validation
B0485,2025-08-27,IR Tablet 100 mg,API-M,85.92,0.52,2.39,5.44,57.67,25.61,11.4,498.83,7.44,4.201,7.51,92.4,Validation
B0486,2025-08-29,IR Tablet 100 mg,API-M,84.1,0.548,2.37,5.29,54.31,26.24,10.7,500.12,7.03,4.221,6.48,94.22,Validation
B0487,2025-08-31,IR Tablet 100 mg,API-M,82.71,0.538,2.27,5.23,46.13,24.35,9.98,500.73,6.59,4.212,6.2,95.67,Validation
B0488,2025-09-02,IR Tablet 100 mg,API-M,84.57,0.539,2.2,5.13,59.88,27.7,10.99,498.45,6.99,4.192,6.26,95.59,Validation
B0489,2025-09-04,IR Tablet 100 mg,API-M,84.05,0.529,2.28,4.71,63.85,26.32,11.01,500.34,7.11,4.216,6.79,93.92,Validation
B0490,2025-09-06,IR Tablet 100 mg,API-M,84.27,0.535,2.53,5.44,65.96,29.73,11.68,498.88,7.61,4.182,6.79,92.55,Validation
B0491,2025-09-08,IR Tablet 100 mg,API-M,85.6,0.563,2.15,6.58,62.22,29.59,11.43,499.92,6.97,4.204,7.19,93.05,Validation
B0492,2025-09-10,IR Tablet 100 mg,API-M,83.52,0.526,2.29,5.1,58.5,29.15,11.73,502.58,7.55,4.199,6.92,94.88,Validation
B0493,2025-09-12,IR Tablet 100 mg,API-M,88.04,0.529,2.36,4.54,62.84,25.19,11.27,496.26,7.11,4.178,6.69,92.25,Validation
B0494,2025-09-14,IR Tablet 100 mg,API-M,86.56,0.541,2.41,5.21,47.96,26.01,11.5,501.04,7.93,4.18,6.76,92.87,Validation
B0495,2025-09-16,IR Tablet 100 mg,API-M,83.97,0.533,2.33,5.63,52.69,27.89,11.31,500.72,7.43,4.185,6.98,93.43,Validation
B0496,2025-09-18,IR Tablet 100 mg,API-M,85.35,0.544,2.18,4.18,64.61,31.58,11.84,499.07,7.69,4.175,6.9,93.77,Validation
B0497,2025-09-20,IR Tablet 100 mg,API-M,87.15,0.546,2.32,5.6,57.03,25.93,11.19,499.07,7.38,4.183,6.75,93.92,Validation
B0498,2025-09-22,IR Tablet 100 mg,API-M,86.95,0.522,2.24,4.28,59.32,32.37,10.72,500.89,7.1,4.215,6.26,94.39,Validation
B0499,2025-09-24,IR Tablet 100 mg,API-M,86.52,0.54,2.25,5.75,64.91,26.43,11.22,499.69,6.79,4.214,6.26,94.16,Validation
B0500,2025-09-26,IR Tablet 100 mg,API-M,84.84,0.548,2.29,6.11,55.98,31.44,12.0,501.15,7.37,4.193,6.92,93.93,Validation
B0501,2025-09-28,IR Tablet 100 mg,API-M,84.9,0.561,2.57,5.57,63.31,30.61,11.13,498.98,6.67,4.183,6.33,94.27,Validation
B0502,2025-09-30,IR Tablet 100 mg,API-M,83.74,0.536,2.25,4.8,52.42,28.0,10.5,502.13,6.6,4.211,5.94,95.32,Validation
B0503,2025-10-02,IR Tablet 100 mg,API-M,84.26,0.541,2.33,4.43,45.15,27.07,10.5,499.69,6.95,4.199,6.58,94.52,Validation
B0504,2025-10-04,IR Tablet 100 mg,API-M,85.91,0.547,2.38,4.94,66.52,29.99,11.51,500.33,7.12,4.169,6.34,94.54,Validation
B0505,2025-10-06,IR Tablet 100 mg,API-M,85.51,0.557,2.25,5.34,51.72,25.9,11.73,500.19,7.34,4.202,7.0,94.19,Validation
B0506,2025-10-08,IR Tablet 100 mg,API-M,84.24,0.543,2.38,5.75,55.89,25.96,10.68,500.75,6.72,4.201,6.72,95.06,Validation
B0507,2025-10-10,IR Tablet 100 mg,API-M,87.26,0.54,2.22,4.6,65.25,27.16,11.63,499.61,7.67,4.187,7.04,92.69,Validation
B0508,2025-10-12,IR Tablet 100 mg,API-M,83.71,0.562,2.26,5.93,62.89,29.36,10.67,500.45,6.46,4.213,6.42,94.93,Validation
B0509,2025-10-14,IR Tablet 100 mg,API-M,88.2,0.532,2.4,5.51,51.01,28.63,12.08,500.77,7.92,4.205,7.56,91.24,Validation
B0510,2025-10-16,IR Tablet 100 mg,API-M,84.85,0.559,2.18,5.9,52.29,26.02,10.69,500.46,6.94,4.191,6.87,94.67,Validation
B0511,2025-10-18,IR Tablet 100 mg,API-M,86.41,0.517,2.14,4.43,55.85,26.7,10.51,499.92,6.75,4.223,6.28,95.6,Validation
B0512,2025-10-20,IR Tablet 100 mg,API-M,84.18,0.526,2.25,5.97,51.89,26.69,10.66,502.41,6.93,4.222,6.21,95.4,Validation
B0513,2025-10-22,IR Tablet 100 mg,API-M,86.21,0.523,2.38,5.27,52.32,25.71,11.18,500.22,6.98,4.231,6.52,93.4,Validation
B0514,2025-10-24,IR Tablet 100 mg,API-M,85.74,0.552,2.29,5.58,63.14,26.79,11.08,497.9,6.67,4.166,6.07,95.55,Validation
B0515,2025-10-26,IR Tablet 100 mg,API-M,82.3,0.551,2.24,5.91,59.72,27.4,11.95,500.64,7.51,4.218,7.03,93.93,Validation
B0516,2025-10-28,IR Tablet 100 mg,API-M,85.91,0.537,2.34,6.0,51.91,27.33,11.16,500.1,7.09,4.219,7.01,92.73,Validation
B0517,2025-10-30,IR Tablet 100 mg,API-M,85.12,0.536,2.29,4.88,54.17,25.84,11.57,501.74,7.44,4.17,6.68,94.42,Validation
B0518,2025-11-01,IR Tablet 100 mg,API-M,84.77,0.541,2.25,6.14,48.76,29.59,10.89,500.78,7.0,4.199,6.73,94.33,Validation
B0519,2025-11-03,IR Tablet 100 mg,API-M,85.66,0.523,2.37,5.46,50.42,24.82,11.3,501.77,7.3,4.175,6.75,93.69,Validation
B0520,2025-11-05,IR Tablet 100 mg,API-M,84.8,0.537,2.35,5.32,49.36,23.34,11.28,499.22,7.29,4.197,6.89,93.13,Validation
B0521,2025-11-07,IR Tablet 100 mg,API-N,75.84,0.546,2.24,4.83,44.11,27.7,9.97,501.7,6.71,4.226,6.45,95.22,Test
B0522,2025-11-09,IR Tablet 100 mg,API-N,74.88,0.559,2.21,5.34,56.19,29.24,10.65,499.53,7.2,4.214,6.52,94.77,Test
B0523,2025-11-11,IR Tablet 100 mg,API-N,72.05,0.547,2.29,6.16,45.34,30.37,10.44,500.57,6.99,4.209,6.37,96.27,Test
B0524,2025-11-13,IR Tablet 100 mg,API-N,73.94,0.532,2.44,6.49,40.37,24.39,9.83,502.07,6.54,4.231,6.02,93.94,Test
B0525,2025-11-15,IR Tablet 100 mg,API-N,74.43,0.568,2.27,4.2,42.94,25.42,9.83,497.12,6.56,4.185,5.4,97.54,Test
B0526,2025-11-17,IR Tablet 100 mg,API-N,73.56,0.563,2.3,4.41,37.44,26.03,9.52,500.12,6.53,4.206,5.96,97.16,Test
B0527,2025-11-19,IR Tablet 100 mg,API-N,70.57,0.55,2.42,5.29,51.52,27.56,10.59,499.04,6.68,4.204,5.91,95.24,Test
B0528,2025-11-21,IR Tablet 100 mg,API-N,73.54,0.557,2.39,5.93,52.29,28.03,10.28,502.79,6.66,4.194,6.07,95.56,Test
B0529,2025-11-23,IR Tablet 100 mg,API-N,73.63,0.568,2.26,4.59,50.95,24.93,10.1,500.62,6.77,4.197,6.19,95.29,Test
B0530,2025-11-25,IR Tablet 100 mg,API-N,72.27,0.554,2.46,4.25,42.8,26.71,10.31,499.52,7.34,4.173,5.88,96.13,Test
B0531,2025-11-27,IR Tablet 100 mg,API-N,70.06,0.574,2.2,4.65,64.65,30.73,9.9,502.07,6.45,4.202,5.28,96.24,Test
B0532,2025-11-29,IR Tablet 100 mg,API-N,71.04,0.567,2.12,6.03,57.73,23.81,10.46,499.31,6.79,4.183,6.08,96.91,Test
B0533,2025-12-01,IR Tablet 100 mg,API-N,71.86,0.552,2.28,5.78,55.1,32.36,9.81,499.91,6.23,4.209,6.27,96.7,Test
B0534,2025-12-03,IR Tablet 100 mg,API-N,72.51,0.573,2.18,6.0,40.22,23.31,9.62,498.6,6.24,4.188,6.19,95.6,Test
B0535,2025-12-05,IR Tablet 100 mg,API-N,74.7,0.551,2.42,4.86,41.84,27.29,9.95,499.48,6.83,4.207,6.15,95.24,Test
B0536,2025-12-07,IR Tablet 100 mg,API-N,71.11,0.562,2.29,5.22,58.92,32.45,9.92,497.46,6.44,4.206,5.84,96.3,Test
B0537,2025-12-09,IR Tablet 100 mg,API-N,72.73,0.549,2.32,3.85,52.13,27.15,11.4,501.02,7.89,4.198,6.73,95.6,Test
B0538,2025-12-11,IR Tablet 100 mg,API-N,73.97,0.55,2.16,6.99,43.46,24.77,10.77,501.45,7.18,4.191,7.01,94.51,Test
B0539,2025-12-13,IR Tablet 100 mg,API-N,72.5,0.556,2.31,4.08,51.16,29.12,10.64,499.35,7.04,4.163,5.71,97.3,Test
B0540,2025-12-15,IR Tablet 100 mg,API-N,70.74,0.563,2.21,6.56,48.23,26.63,10.66,499.58,6.62,4.222,6.67,95.78,Test
B0541,2025-12-17,IR Tablet 100 mg,API-N,71.05,0.553,2.16,4.47,44.11,23.83,9.76,502.09,6.6,4.206,5.82,96.51,Test
B0542,2025-12-19,IR Tablet 100 mg,API-N,75.43,0.571,2.2,5.17,47.35,26.77,9.99,500.63,6.87,4.201,5.74,96.92,Test
B0543,2025-12-21,IR Tablet 100 mg,API-N,72.03,0.578,2.17,5.71,44.4,28.46,10.11,500.72,6.41,4.238,5.68,97.45,Test
B0544,2025-12-23,IR Tablet 100 mg,API-N,72.47,0.569,2.19,4.84,58.06,31.96,10.74,500.97,6.64,4.19,6.1,97.3,Test
B0545,2025-12-25,IR Tablet 100 mg,API-N,72.21,0.575,2.38,4.7,55.37,30.21,10.08,501.28,6.54,4.211,5.55,97.24,Test
B0546,2025-12-27,IR Tablet 100 mg,API-N,73.8,0.564,2.4,5.74,46.6,25.79,10.23,502.38,7.02,4.227,6.04,95.43,Test
B0547,2025-12-29,IR Tablet 100 mg,API-N,71.03,0.536,2.3,6.06,49.36,26.04,10.61,498.25,6.81,4.196,6.14,95.15,Test
B0548,2025-12-31,IR Tablet 100 mg,API-N,72.17,0.556,2.34,5.63,42.83,27.14,9.99,502.46,6.79,4.205,6.08,95.77,Test
B0549,2026-01-02,IR Tablet 100 mg,API-N,73.85,0.548,2.02,5.39,57.8,24.33,10.03,499.08,6.41,4.198,5.76,96.98,Test
B0550,2026-01-04,IR Tablet 100 mg,API-N,74.42,0.564,2.33,4.85,53.68,27.99,10.26,501.35,6.75,4.208,6.13,96.31,Test
B0551,2026-01-06,IR Tablet 100 mg,API-N,72.84,0.552,2.5,4.52,45.5,24.77,10.62,501.01,7.19,4.221,5.91,95.75,Test
B0552,2026-01-08,IR Tablet 100 mg,API-N,71.47,0.551,2.26,4.73,69.31,29.37,10.79,499.04,6.96,4.185,5.84,95.14,Test
B0553,2026-01-10,IR Tablet 100 mg,API-N,73.76,0.552,2.19,4.8,58.7,29.58,10.96,500.17,6.78,4.217,5.97,96.19,Test
B0554,2026-01-12,IR Tablet 100 mg,API-N,71.06,0.556,2.2,5.52,58.43,25.44,10.43,499.81,6.66,4.211,5.78,97.38,Test
B0555,2026-01-14,IR Tablet 100 mg,API-N,69.93,0.549,2.38,6.72,48.44,27.53,10.49,500.65,7.02,4.211,6.12,96.09,Test
B0556,2026-01-16,IR Tablet 100 mg,API-N,74.64,0.564,2.49,5.52,55.37,28.26,10.35,499.75,6.59,4.204,6.08,95.87,Test
B0557,2026-01-18,IR Tablet 100 mg,API-N,74.79,0.564,2.41,3.3,49.6,24.86,9.65,498.48,6.62,4.179,5.1,97.16,Test
B0558,2026-01-20,IR Tablet 100 mg,API-N,73.65,0.552,2.34,5.35,57.61,26.42,9.92,501.74,6.31,4.228,5.6,96.24,Test
B0559,2026-01-22,IR Tablet 100 mg,API-N,70.68,0.57,2.07,3.88,44.83,28.39,9.37,499.59,6.23,4.213,4.9,97.46,Test
B0560,2026-01-24,IR Tablet 100 mg,API-N,70.0,0.542,2.44,4.98,47.43,26.93,9.32,497.75,6.16,4.202,5.26,94.97,Test
B0561,2026-01-26,IR Tablet 100 mg,API-O,81.29,0.531,1.95,5.42,49.89,28.05,10.96,500.16,7.16,4.18,6.62,95.87,Test
B0562,2026-01-28,IR Tablet 100 mg,API-O,79.72,0.533,1.69,5.96,59.68,27.92,10.97,497.86,6.74,4.195,6.39,95.14,Test
B0563,2026-01-30,IR Tablet 100 mg,API-O,81.25,0.523,1.94,5.54,53.59,27.15,11.07,501.83,7.27,4.21,6.81,94.52,Test
B0564,2026-02-01,IR Tablet 100 mg,API-O,79.34,0.551,1.76,5.47,63.31,32.82,11.1,499.66,7.09,4.207,6.67,94.73,Test
B0565,2026-02-03,IR Tablet 100 mg,API-O,80.66,0.544,1.82,4.19,66.4,31.66,10.58,499.55,6.53,4.217,5.64,95.35,Test
B0566,2026-02-05,IR Tablet 100 mg,API-O,79.74,0.547,1.75,5.28,59.22,32.83,10.69,500.79,6.78,4.188,6.07,96.21,Test
B0567,2026-02-07,IR Tablet 100 mg,API-O,81.9,0.523,1.9,5.87,66.07,34.18,11.93,502.37,7.1,4.193,6.68,93.21,Test
B0568,2026-02-09,IR Tablet 100 mg,API-O,81.53,0.535,1.68,4.68,48.29,21.92,10.85,498.55,7.04,4.181,6.44,94.11,Test
B0569,2026-02-11,IR Tablet 100 mg,API-O,79.81,0.534,1.88,5.26,64.0,27.09,11.37,498.49,7.23,4.186,6.83,94.37,Test
B0570,2026-02-13,IR Tablet 100 mg,API-O,78.87,0.542,1.81,3.26,59.06,29.04,10.64,501.16,7.18,4.194,5.85,96.98,Test
B0571,2026-02-15,IR Tablet 100 mg,API-O,78.47,0.569,1.87,6.16,49.51,26.18,10.28,498.81,7.1,4.205,6.63,95.63,Test
B0572,2026-02-17,IR Tablet 100 mg,API-O,83.56,0.566,1.93,5.78,51.47,28.25,11.24,500.31,6.77,4.19,6.42,95.82,Test
B0573,2026-02-19,IR Tablet 100 mg,API-O,78.71,0.553,1.71,6.74,60.74,31.12,10.72,500.28,6.27,4.2,6.29,95.37,Test
B0574,2026-02-21,IR Tablet 100 mg,API-O,79.98,0.548,1.92,4.24,62.56,32.16,10.42,497.68,6.8,4.186,6.05,95.83,Test
B0575,2026-02-23,IR Tablet 100 mg,API-O,80.16,0.544,1.96,4.91,63.87,28.51,10.76,501.53,6.74,4.208,6.07,95.36,Test
B0576,2026-02-25,IR Tablet 100 mg,API-O,79.42,0.553,1.84,6.4,63.05,29.02,10.5,498.36,6.44,4.207,6.26,95.22,Test
B0577,2026-02-27,IR Tablet 100 mg,API-O,82.68,0.538,1.73,5.72,61.79,26.56,11.24,499.94,6.76,4.195,6.28,94.88,Test
B0578,2026-03-01,IR Tablet 100 mg,API-O,79.93,0.55,1.8,3.87,55.16,26.47,11.44,501.44,7.83,4.169,6.45,95.16,Test
B0579,2026-03-03,IR Tablet 100 mg,API-O,81.2,0.548,1.78,5.58,55.56,29.52,10.98,500.99,7.67,4.19,7.14,93.45,Test
B0580,2026-03-05,IR Tablet 100 mg,API-O,83.03,0.544,1.7,6.41,52.2,30.45,10.82,499.22,6.79,4.229,6.8,94.08,Test
B0581,2026-03-07,IR Tablet 100 mg,API-O,81.21,0.553,1.93,6.06,61.21,31.14,10.53,498.69,6.52,4.196,6.38,95.85,Test
B0582,2026-03-09,IR Tablet 100 mg,API-O,80.32,0.547,1.93,5.25,56.82,29.15,10.36,501.43,6.32,4.215,5.92,95.85,Test
B0583,2026-03-11,IR Tablet 100 mg,API-O,80.4,0.555,1.89,5.41,56.21,31.84,10.81,501.13,6.97,4.225,6.75,95.21,Test
B0584,2026-03-13,IR Tablet 100 mg,API-O,82.74,0.559,1.81,5.67,52.71,26.53,10.02,498.46,6.34,4.224,6.63,94.53,Test
B0585,2026-03-15,IR Tablet 100 mg,API-O,82.81,0.554,1.61,5.78,49.76,24.18,11.05,498.73,6.94,4.244,6.42,93.77,Test
B0586,2026-03-17,IR Tablet 100 mg,API-O,80.95,0.545,1.92,6.67,42.2,22.09,11.19,501.42,7.29,4.193,7.2,94.9,Test
B0587,2026-03-19,IR Tablet 100 mg,API-O,83.03,0.54,1.74,5.76,49.58,25.6,10.26,500.7,6.76,4.222,6.3,95.02,Test
B0588,2026-03-21,IR Tablet 100 mg,API-O,83.19,0.549,2.04,5.36,53.7,31.21,10.62,502.02,6.86,4.202,6.41,96.16,Test
B0589,2026-03-23,IR Tablet 100 mg,API-O,80.71,0.544,1.65,4.5,48.48,26.04,11.07,501.71,7.49,4.178,6.55,95.27,Test
B0590,2026-03-25,IR Tablet 100 mg,API-O,78.32,0.543,1.94,4.28,70.84,29.37,11.27,498.47,7.03,4.209,5.93,93.99,Test
B0591,2026-03-27,IR Tablet 100 mg,API-O,81.25,0.538,1.9,6.16,46.13,23.64,11.33,496.38,7.45,4.168,6.88,94.14,Test
B0592,2026-03-29,IR Tablet 100 mg,API-O,79.87,0.549,1.8,5.11,63.81,34.55,11.7,502.68,7.4,4.177,6.67,95.62,Test
B0593,2026-03-31,IR Tablet 100 mg,API-O,80.55,0.539,1.88,5.5,50.47,26.41,11.05,499.06,7.02,4.165,6.47,95.35,Test
B0594,2026-04-02,IR Tablet 100 mg,API-O,80.86,0.553,1.79,4.61,47.99,26.69,11.23,501.87,7.32,4.217,6.29,95.15,Test
B0595,2026-04-04,IR Tablet 100 mg,API-O,81.3,0.534,1.72,4.8,51.03,24.13,11.43,502.69,7.88,4.186,6.42,94.21,Test
B0596,2026-04-06,IR Tablet 100 mg,API-O,80.8,0.546,1.99,5.94,59.8,29.04,10.72,500.62,6.91,4.204,6.81,94.9,Test
B0597,2026-04-08,IR Tablet 100 mg,API-O,79.47,0.56,1.76,7.17,58.65,32.12,10.68,498.67,6.74,4.206,6.48,95.66,Test
B0598,2026-04-10,IR Tablet 100 mg,API-O,81.55,0.554,1.95,4.4,51.66,25.87,11.43,497.7,7.75,4.185,6.75,94.33,Test
B0599,2026-04-12,IR Tablet 100 mg,API-O,82.05,0.529,1.71,6.41,59.97,26.58,11.4,497.59,7.5,4.184,6.65,93.86,Test
B0600,2026-04-14,IR Tablet 100 mg,API-O,78.26,0.558,1.8,6.08,63.14,33.23,11.39,502.27,7.21,4.193,7.01,93.88,Test
B0601,2026-04-16,IR Tablet 100 mg,API-P,86.78,0.538,2.51,6.13,56.59,29.91,11.16,497.83,6.85,4.203,6.78,93.65,Test
B0602,2026-04-18,IR Tablet 100 mg,API-P,85.87,0.537,2.39,5.85,60.81,24.2,11.67,497.83,6.95,4.207,6.54,93.75,Test
B0603,2026-04-20,IR Tablet 100 mg,API-P,87.34,0.525,2.33,5.03,63.08,34.0,10.93,499.4,6.78,4.169,6.33,93.68,Test
B0604,2026-04-22,IR Tablet 100 mg,API-P,85.65,0.547,2.42,4.84,56.24,25.64,11.56,499.27,7.62,4.205,6.57,94.01,Test
B0605,2026-04-24,IR Tablet 100 mg,API-P,83.56,0.558,2.36,6.75,60.2,29.92,11.85,501.96,7.31,4.187,7.43,94.35,Test
B0606,2026-04-26,IR Tablet 100 mg,API-P,85.71,0.556,2.17,4.31,49.42,23.73,11.28,499.55,7.6,4.193,6.31,96.02,Test
B0607,2026-04-28,IR Tablet 100 mg,API-P,84.29,0.544,2.33,5.08,58.99,29.54,11.34,498.66,7.65,4.169,6.28,95.39,Test
B0608,2026-04-30,IR Tablet 100 mg,API-P,82.41,0.535,2.62,5.72,73.14,28.09,11.19,497.53,6.64,4.194,6.12,91.88,Test
B0609,2026-05-02,IR Tablet 100 mg,API-P,88.83,0.535,2.53,5.45,48.98,23.68,11.41,499.77,7.5,4.203,6.81,92.84,Test
B0610,2026-05-04,IR Tablet 100 mg,API-P,85.77,0.53,2.35,4.21,66.32,30.78,11.75,501.5,7.84,4.228,6.55,94.73,Test
B0611,2026-05-06,IR Tablet 100 mg,API-P,85.13,0.541,2.24,7.56,63.23,27.67,10.71,499.68,6.47,4.209,6.84,93.92,Test
B0612,2026-05-08,IR Tablet 100 mg,API-P,85.95,0.558,2.11,5.09,64.11,25.79,11.0,502.31,6.92,4.194,6.34,95.44,Test
B0613,2026-05-10,IR Tablet 100 mg,API-P,81.66,0.551,2.16,5.76,59.6,32.43,11.01,497.9,6.9,4.225,6.57,95.45,Test
B0614,2026-05-12,IR Tablet 100 mg,API-P,86.18,0.57,2.31,6.81,52.94,24.71,11.44,501.12,7.34,4.189,7.1,93.77,Test
B0615,2026-05-14,IR Tablet 100 mg,API-P,83.3,0.526,2.32,4.24,54.56,23.75,11.54,498.93,7.64,4.175,6.73,94.17,Test
B0616,2026-05-16,IR Tablet 100 mg,API-P,88.02,0.549,2.2,6.77,68.63,26.21,11.48,500.69,6.8,4.234,6.49,92.81,Test
B0617,2026-05-18,IR Tablet 100 mg,API-P,86.19,0.534,2.41,5.68,46.92,25.58,11.01,501.34,7.41,4.207,6.71,93.53,Test
B0618,2026-05-20,IR Tablet 100 mg,API-P,84.01,0.562,2.55,5.99,54.77,30.39,11.27,501.4,6.98,4.214,7.0,93.68,Test
B0619,2026-05-22,IR Tablet 100 mg,API-P,86.03,0.54,2.47,4.89,64.2,30.02,11.63,498.52,7.22,4.192,6.82,93.48,Test
B0620,2026-05-24,IR Tablet 100 mg,API-P,86.81,0.538,2.23,5.28,59.27,26.78,11.12,499.42,6.8,4.212,7.14,93.85,Test
B0621,2026-05-26,IR Tablet 100 mg,API-P,85.24,0.546,2.31,5.25,51.27,27.68,10.33,502.32,6.93,4.216,6.94,93.92,Test
B0622,2026-05-28,IR Tablet 100 mg,API-P,87.64,0.534,2.18,4.49,55.17,23.22,11.8,498.85,7.29,4.202,6.86,94.73,Test
B0623,2026-05-30,IR Tablet 100 mg,API-P,82.67,0.54,2.35,5.01,58.1,28.64,10.97,498.18,7.04,4.199,6.36,94.66,Test
B0624,2026-06-01,IR Tablet 100 mg,API-P,85.16,0.534,2.32,4.84,51.99,25.09,10.87,499.3,6.84,4.2,6.3,94.44,Test
B0625,2026-06-03,IR Tablet 100 mg,API-P,85.76,0.557,2.43,5.45,66.31,30.99,11.69,501.37,7.3,4.183,7.26,92.62,Test
B0626,2026-06-05,IR Tablet 100 mg,API-P,87.4,0.518,2.34,4.53,56.0,24.38,11.12,499.52,7.52,4.181,6.95,93.58,Test
B0627,2026-06-07,IR Tablet 100 mg,API-P,86.46,0.521,2.42,5.51,56.97,24.45,11.66,500.07,7.3,4.185,6.32,94.26,Test
B0628,2026-06-09,IR Tablet 100 mg,API-P,87.61,0.548,2.34,5.21,52.84,24.5,10.48,500.22,6.44,4.21,6.74,94.11,Test
B0629,2026-06-11,IR Tablet 100 mg,API-P,84.9,0.533,2.31,4.09,69.12,31.43,11.42,497.88,7.17,4.191,6.4,94.48,Test
B0630,2026-06-13,IR Tablet 100 mg,API-P,86.47,0.534,2.38,5.66,56.18,26.39,10.86,500.65,6.36,4.209,6.4,95.06,Test
B0631,2026-06-15,IR Tablet 100 mg,API-P,83.75,0.518,2.3,5.08,68.42,29.1,11.86,498.65,7.54,4.206,6.82,91.84,Test
B0632,2026-06-17,IR Tablet 100 mg,API-P,86.62,0.521,2.29,5.82,49.73,25.58,10.79,499.14,6.7,4.207,7.23,93.0,Test
B0633,2026-06-19,IR Tablet 100 mg,API-P,85.05,0.53,2.31,4.62,69.81,29.77,11.21,499.32,6.86,4.212,6.03,92.91,Test
B0634,2026-06-21,IR Tablet 100 mg,API-P,86.04,0.551,2.15,3.07,57.69,29.47,11.53,499.1,7.42,4.188,6.14,95.57,Test
B0635,2026-06-23,IR Tablet 100 mg,API-P,86.48,0.537,2.32,5.07,61.33,28.28,10.58,500.39,6.41,4.246,6.22,94.53,Test
B0636,2026-06-25,IR Tablet 100 mg,API-P,87.92,0.531,2.25,5.62,55.65,30.15,11.55,503.13,7.22,4.195,6.61,93.54,Test
B0637,2026-06-27,IR Tablet 100 mg,API-P,82.99,0.519,2.45,6.1,62.98,27.16,10.76,499.1,6.62,4.198,6.49,92.89,Test
B0638,2026-06-29,IR Tablet 100 mg,API-P,82.94,0.524,2.15,2.92,58.03,27.52,10.53,499.55,7.03,4.217,5.93,95.33,Test
B0639,2026-07-01,IR Tablet 100 mg,API-P,84.44,0.54,2.21,5.19,47.98,25.84,10.91,500.59,7.0,4.202,6.27,94.9,Test
B0640,2026-07-03,IR Tablet 100 mg,API-P,87.54,0.535,2.29,5.0,61.44,28.36,10.87,501.11,6.77,4.229,6.8,94.11,Test
B0641,2026-07-05,IR Tablet 100 mg,API-Q,89.89,0.482,2.53,6.34,59.8,32.14,11.51,501.7,7.42,4.192,7.67,90.37,Stress
B0642,2026-07-07,IR Tablet 100 mg,API-Q,94.87,0.472,2.4,6.73,72.01,32.5,12.39,499.97,7.35,4.189,7.35,87.2,Stress
B0643,2026-07-09,IR Tablet 100 mg,API-Q,93.18,0.484,2.42,5.08,73.88,31.27,12.4,500.96,7.63,4.2,7.74,87.74,Stress
B0644,2026-07-11,IR Tablet 100 mg,API-Q,92.93,0.502,2.46,6.8,56.43,26.41,12.11,499.01,7.51,4.212,7.32,90.87,Stress
B0645,2026-07-13,IR Tablet 100 mg,API-Q,93.3,0.486,2.72,4.48,62.36,25.42,12.47,498.95,8.05,4.178,6.92,89.75,Stress
B0646,2026-07-15,IR Tablet 100 mg,API-Q,94.2,0.484,2.55,5.6,54.22,27.81,11.84,502.55,7.81,4.198,7.45,89.69,Stress
B0647,2026-07-17,IR Tablet 100 mg,API-Q,94.21,0.483,2.48,5.32,60.34,27.33,12.0,497.69,7.89,4.178,7.2,91.2,Stress
B0648,2026-07-19,IR Tablet 100 mg,API-Q,92.58,0.489,2.47,5.54,60.15,29.65,11.51,498.82,7.15,4.202,6.62,91.66,Stress
B0649,2026-07-21,IR Tablet 100 mg,API-Q,92.72,0.498,2.61,5.27,51.9,30.83,10.95,501.42,6.68,4.198,6.86,91.42,Stress
B0650,2026-07-23,IR Tablet 100 mg,API-Q,92.29,0.478,2.46,6.99,59.55,25.45,12.33,496.21,7.69,4.201,7.97,89.35,Stress
B0651,2026-07-25,IR Tablet 100 mg,API-Q,91.68,0.491,2.38,4.74,77.33,33.88,12.88,497.65,7.98,4.183,7.05,88.72,Stress
B0652,2026-07-27,IR Tablet 100 mg,API-Q,92.5,0.48,2.65,6.99,55.51,23.31,11.47,499.83,7.2,4.197,7.3,88.79,Stress
B0653,2026-07-29,IR Tablet 100 mg,API-Q,90.73,0.493,2.57,5.22,77.66,31.93,12.29,496.52,7.79,4.139,7.39,87.09,Stress
B0654,2026-07-31,IR Tablet 100 mg,API-Q,91.9,0.458,2.54,6.2,54.5,29.05,12.27,502.41,8.06,4.159,7.97,88.29,Stress
B0655,2026-08-02,IR Tablet 100 mg,API-Q,93.72,0.482,2.68,5.71,69.21,30.49,12.41,500.21,7.68,4.176,7.55,87.67,Stress
B0656,2026-08-04,IR Tablet 100 mg,API-Q,92.99,0.486,2.53,5.52,83.46,37.81,12.98,497.78,7.41,4.181,7.08,84.44,Stress
B0657,2026-08-06,IR Tablet 100 mg,API-Q,92.3,0.493,2.56,5.46,70.82,32.21,12.12,498.57,7.68,4.21,7.24,88.92,Stress
B0658,2026-08-08,IR Tablet 100 mg,API-Q,91.52,0.466,2.35,5.71,63.2,25.91,11.94,498.77,7.28,4.204,7.3,91.07,Stress
B0659,2026-08-10,IR Tablet 100 mg,API-Q,95.7,0.486,2.52,5.08,65.45,30.0,12.18,499.54,7.44,4.204,7.12,90.75,Stress
B0660,2026-08-12,IR Tablet 100 mg,API-Q,89.65,0.484,2.42,4.98,58.76,25.25,10.93,500.14,6.96,4.195,6.77,92.65,Stress
B0661,2026-08-14,IR Tablet 100 mg,API-Q,91.58,0.485,2.62,6.43,60.57,31.36,11.09,500.99,7.09,4.218,7.4,88.68,Stress
B0662,2026-08-16,IR Tablet 100 mg,API-Q,92.01,0.471,2.52,6.32,64.63,26.88,10.96,501.65,6.71,4.175,6.43,91.14,Stress
B0663,2026-08-18,IR Tablet 100 mg,API-Q,91.39,0.485,2.44,6.04,67.39,29.69,10.69,501.36,6.52,4.246,6.57,91.44,Stress
B0664,2026-08-20,IR Tablet 100 mg,API-Q,94.02,0.495,2.72,6.21,79.28,31.15,11.56,498.43,6.59,4.209,7.06,84.94,Stress
B0665,2026-08-22,IR Tablet 100 mg,API-Q,90.99,0.491,2.54,5.02,69.93,31.54,12.6,499.09,7.33,4.177,6.71,90.5,Stress
B0666,2026-08-24,IR Tablet 100 mg,API-Q,91.21,0.466,2.61,5.24,63.72,31.99,12.06,500.74,7.4,4.206,7.02,90.13,Stress
B0667,2026-08-26,IR Tablet 100 mg,API-Q,94.14,0.476,2.57,5.5,60.91,28.41,11.89,500.53,7.46,4.192,6.99,90.76,Stress
B0668,2026-08-28,IR Tablet 100 mg,API-Q,91.81,0.476,2.41,5.45,79.19,33.11,13.0,497.94,8.0,4.194,7.68,84.58,Stress
B0669,2026-08-30,IR Tablet 100 mg,API-Q,93.44,0.49,2.42,4.13,60.62,28.57,12.76,499.36,8.08,4.207,7.1,91.74,Stress
B0670,2026-09-01,IR Tablet 100 mg,API-Q,92.87,0.492,2.21,4.22,58.2,29.02,11.74,500.2,7.65,4.2,7.18,92.93,Stress
B0671,2026-09-03,IR Tablet 100 mg,API-Q,94.66,0.463,2.51,5.94,52.23,30.94,11.36,501.34,6.71,4.224,7.05,91.54,Stress
B0672,2026-09-05,IR Tablet 100 mg,API-Q,93.97,0.503,2.71,5.4,62.54,26.18,12.46,497.57,7.91,4.186,7.82,89.13,Stress
B0673,2026-09-07,IR Tablet 100 mg,API-Q,92.96,0.487,2.68,6.73,67.63,34.91,11.34,500.85,6.73,4.218,7.61,88.32,Stress
B0674,2026-09-09,IR Tablet 100 mg,API-Q,93.24,0.491,2.58,4.68,74.33,29.48,11.98,497.76,7.24,4.185,7.17,87.78,Stress
B0675,2026-09-11,IR Tablet 100 mg,API-Q,94.69,0.479,2.54,6.5,62.78,27.97,12.79,499.31,8.03,4.183,7.51,88.94,Stress
B0676,2026-09-13,IR Tablet 100 mg,API-Q,94.16,0.495,2.47,6.1,67.19,32.32,10.78,501.55,6.54,4.204,6.7,91.17,Stress
B0677,2026-09-15,IR Tablet 100 mg,API-Q,92.84,0.499,2.27,5.49,63.48,27.75,11.04,498.79,6.68,4.197,6.94,92.61,Stress
B0678,2026-09-17,IR Tablet 100 mg,API-Q,93.64,0.475,2.55,6.66,71.09,32.49,11.58,498.38,6.87,4.174,7.53,86.45,Stress
B0679,2026-09-19,IR Tablet 100 mg,API-Q,94.5,0.497,2.51,3.21,72.23,28.85,12.14,498.85,7.59,4.193,6.49,90.72,Stress
B0680,2026-09-21,IR Tablet 100 mg,API-Q,95.63,0.476,2.67,6.41,57.73,31.64,12.42,499.88,7.7,4.163,7.95,88.98,Stress
B0681,2026-09-23,IR Tablet 100 mg,API-R,96.35,0.457,2.62,5.16,71.99,34.81,12.07,501.97,7.44,4.201,7.53,87.26,Stress
B0682,2026-09-25,IR Tablet 100 mg,API-R,96.16,0.465,2.59,5.68,67.85,33.37,11.82,500.86,7.23,4.196,6.96,89.03,Stress
B0683,2026-09-27,IR Tablet 100 mg,API-R,95.96,0.487,2.6,6.74,65.76,31.18,11.9,499.3,6.88,4.19,7.12,89.14,Stress
B0684,2026-09-29,IR Tablet 100 mg,API-R,96.31,0.46,2.57,5.32,73.04,25.21,11.92,496.92,6.9,4.225,7.02,87.97,Stress
B0685,2026-10-01,IR Tablet 100 mg,API-R,99.16,0.486,2.53,4.85,67.36,29.45,12.23,499.88,7.61,4.174,7.36,89.29,Stress
B0686,2026-10-03,IR Tablet 100 mg,API-R,95.97,0.459,2.86,5.91,50.3,25.93,12.34,500.76,7.73,4.18,7.92,87.88,Stress
B0687,2026-10-05,IR Tablet 100 mg,API-R,94.49,0.47,2.69,5.23,67.02,26.91,11.9,498.27,7.38,4.213,7.27,88.84,Stress
B0688,2026-10-07,IR Tablet 100 mg,API-R,99.51,0.447,2.67,3.93,62.08,29.99,12.59,500.94,8.31,4.187,7.41,88.96,Stress
B0689,2026-10-09,IR Tablet 100 mg,API-R,95.87,0.466,2.49,5.81,57.57,24.79,12.03,498.58,7.72,4.179,7.36,90.55,Stress
B0690,2026-10-11,IR Tablet 100 mg,API-R,96.08,0.471,2.98,5.17,65.46,23.56,12.34,496.69,7.74,4.161,7.15,87.05,Stress
B0691,2026-10-13,IR Tablet 100 mg,API-R,96.59,0.476,2.55,5.88,59.32,29.47,12.39,501.07,7.67,4.191,6.99,90.59,Stress
B0692,2026-10-15,IR Tablet 100 mg,API-R,95.36,0.487,2.76,6.07,62.28,31.27,11.77,501.11,7.72,4.163,7.93,87.5,Stress
B0693,2026-10-17,IR Tablet 100 mg,API-R,95.22,0.474,2.6,6.5,76.18,27.16,12.23,499.27,7.07,4.178,7.03,86.1,Stress
B0694,2026-10-19,IR Tablet 100 mg,API-R,95.61,0.476,2.44,5.11,66.74,29.77,12.31,498.02,7.85,4.18,7.54,89.19,Stress
B0695,2026-10-21,IR Tablet 100 mg,API-R,98.16,0.48,2.59,5.38,57.16,26.39,12.35,500.41,7.8,4.161,7.88,89.46,Stress
B0696,2026-10-23,IR Tablet 100 mg,API-R,97.62,0.491,2.63,5.98,62.41,25.57,12.49,497.68,7.8,4.194,8.03,88.29,Stress
B0697,2026-10-25,IR Tablet 100 mg,API-R,95.43,0.488,2.62,6.36,63.26,27.2,12.51,497.0,7.62,4.151,7.57,89.26,Stress
B0698,2026-10-27,IR Tablet 100 mg,API-R,96.15,0.485,2.67,5.37,66.37,26.14,11.28,496.29,6.99,4.209,6.9,89.34,Stress
B0699,2026-10-29,IR Tablet 100 mg,API-R,96.0,0.473,2.58,4.71,80.48,33.97,12.54,501.21,7.81,4.189,7.42,84.37,Stress
B0700,2026-10-31,IR Tablet 100 mg,API-R,99.02,0.465,2.48,5.1,64.6,26.3,12.88,497.68,8.41,4.181,7.19,90.92,Stress
B0701,2026-11-02,IR Tablet 100 mg,API-R,96.55,0.467,2.7,5.0,68.27,29.95,11.48,498.0,7.26,4.206,7.91,87.0,Stress
B0702,2026-11-04,IR Tablet 100 mg,API-R,97.35,0.472,2.64,5.11,64.39,29.09,12.76,499.89,7.86,4.177,7.5,89.21,Stress
B0703,2026-11-06,IR Tablet 100 mg,API-R,93.9,0.465,2.82,5.16,60.1,27.6,11.81,501.16,7.75,4.191,7.48,89.07,Stress
B0704,2026-11-08,IR Tablet 100 mg,API-R,95.34,0.478,2.55,6.06,65.26,26.12,12.0,497.98,7.15,4.204,7.36,89.15,Stress
B0705,2026-11-10,IR Tablet 100 mg,API-R,96.77,0.436,2.68,5.76,65.18,26.19,12.57,497.9,7.89,4.162,7.81,87.44,Stress
B0706,2026-11-12,IR Tablet 100 mg,API-R,92.27,0.479,2.62,5.65,58.74,29.87,11.82,501.18,7.27,4.172,6.95,91.37,Stress
B0707,2026-11-14,IR Tablet 100 mg,API-R,95.1,0.469,2.71,5.58,65.64,28.33,11.75,498.41,6.97,4.191,7.0,89.2,Stress
B0708,2026-11-16,IR Tablet 100 mg,API-R,96.83,0.466,2.49,4.51,57.85,28.48,11.28,497.99,7.08,4.192,6.56,91.87,Stress
B0709,2026-11-18,IR Tablet 100 mg,API-R,95.34,0.474,2.53,5.58,60.97,28.49,11.63,499.34,7.33,4.159,7.02,90.74,Stress
B0710,2026-11-20,IR Tablet 100 mg,API-R,97.99,0.476,2.78,5.18,58.08,26.4,12.21,500.11,7.85,4.174,7.71,88.62,Stress
B0711,2026-11-22,IR Tablet 100 mg,API-R,94.53,0.483,2.73,4.62,64.53,27.61,10.63,499.22,6.21,4.211,6.0,91.06,Stress
B0712,2026-11-24,IR Tablet 100 mg,API-R,95.64,0.473,2.63,5.55,60.8,26.7,12.11,500.3,7.53,4.188,7.38,89.9,Stress
B0713,2026-11-26,IR Tablet 100 mg,API-R,94.25,0.488,2.58,4.5,76.11,33.88,11.83,498.45,7.23,4.215,7.43,87.04,Stress
B0714,2026-11-28,IR Tablet 100 mg,API-R,97.38,0.489,2.72,4.83,64.55,27.05,12.32,499.45,7.56,4.189,7.15,89.51,Stress
B0715,2026-11-30,IR Tablet 100 mg,API-R,98.82,0.468,2.75,4.78,58.43,29.57,12.27,500.14,7.62,4.192,6.93,88.99,Stress
B0716,2026-12-02,IR Tablet 100 mg,API-R,97.85,0.479,2.64,5.36,76.57,28.79,12.7,499.44,8.1,4.204,7.48,86.15,Stress
B0717,2026-12-04,IR Tablet 100 mg,API-R,97.73,0.48,2.67,4.99,72.43,29.33,12.04,497.58,7.25,4.187,7.56,86.93,Stress
B0718,2026-12-06,IR Tablet 100 mg,API-R,94.35,0.483,2.67,5.07,54.5,23.76,11.78,500.09,7.8,4.158,7.11,90.15,Stress
B0719,2026-12-08,IR Tablet 100 mg,API-R,96.11,0.467,2.72,6.37,70.9,27.17,12.93,496.02,7.61,4.208,7.49,85.94,Stress
B0720,2026-12-10,IR Tablet 100 mg,API-R,95.61,0.467,2.91,5.28,71.25,30.51,12.21,500.5,7.53,4.176,7.7,84.42,Stress
