Feature,Mean_Absolute_SHAP,Bootstrap_Mean,Bootstrap_SD
API_PSD_D90_um,0.6657388,0.66428673,0.026207292
Lubrication_Time_min,0.31772393,0.31649226,0.017740572
Bulk_Density_g_mL,0.23731732,0.23454723,0.019214801
Blend_Moisture_pct,0.21488203,0.2147436,0.012858978
Tablet_Hardness_kp,0.21253303,0.21387115,0.018876
Press_Speed_rpm,0.18398303,0.18330327,0.025775883
Feeder_Speed_rpm,0.072042204,0.071059704,0.009821267
Tablet_Weight_mg,0.06697409,0.06693225,0.0032095925
Compression_Force_kN,0.055368956,0.05538299,0.0039996277
Thickness_mm,0.050136857,0.05047097,0.0039611766
